"interactor_name","interactee_name","aggregation_speed","elongates_by_attaching","heterogenous_fibers","doi"
"IAPP","Amyloid beta","Faster aggregation","Yes; implied by kinetics.","No information","10.1038/mp.2016.230"
"IAPP","Amyloid beta","No information","Yes, direct evidence.","Yes","10.1038/mp.2016.230"
"Insulin","Amyloid beta","Slower aggregation","Formation of fibrils by the interactee is inhibited","No information","10.1021/acs.biochem.9b00696"
"Insulin","Amyloid beta","No aggregation","Formation of fibrils by the interactee is inhibited","No","10.1021/acs.biochem.9b00696"
"FapC","Amyloid beta","Faster aggregation","Yes, direct evidence.","Yes","10.1002/advs.202001299"
"Alpha-synuclein","IAPP","Faster aggregation","Yes, direct evidence.","Yes","10.1038/s41598-020-77409-z"
"Alpha-synuclein","IAPP","Slower aggregation","Formation of fibrils by the interactee is inhibited","Yes","10.1073/pnas.1610371113"
"IAPP","Alpha-synuclein","Faster aggregation","Yes; implied by kinetics.","No","10.1073/pnas.1610371113"
"Alpha-synuclein","IAPP","Faster aggregation","Yes; implied by kinetics.","No","10.1073/pnas.1610371113"
"IAPP","Alpha-synuclein","Slower aggregation","Formation of fibrils by the interactee is inhibited","Yes","10.1073/pnas.1610371113"
"IAPP","Alpha-synuclein","Slower aggregation","Formation of fibrils by the interactee is inhibited","No","10.1073/pnas.1610371113"
"Alpha-synuclein","IAPP","No effect","Yes; implied by kinetics.","Yes","10.1073/pnas.1610371113"
"Amyloid beta","Amyloid beta","Faster aggregation","Yes, direct evidence.","No","10.1038/mp.2016.230"
"IAPP","Amyloid beta","Faster aggregation","Yes, direct evidence.","No","10.1038/mp.2016.230"
"Alpha-synuclein","IAPP","Faster aggregation","Yes; implied by kinetics.","Yes","10.1073/pnas.1610371113"
"IAPP","Alpha-synuclein","Faster aggregation","Yes; implied by kinetics.","Yes","10.1073/pnas.1610371113"
"Alpha-synuclein","IAPP","Slower aggregation","Formation of fibrils by the interactee is inhibited","No","10.1038/s41598-020-77409-z"
"Alpha-synuclein","IAPP","No effect","No","No","10.1038/s41598-020-77409-z"
"Alpha-synuclein","IAPP","Faster aggregation","Yes; implied by kinetics.","No information","10.1038/s41598-020-77409-z"
"Alpha-synuclein","IAPP","No effect","No","No information","10.1038/s41598-020-77409-z"
"CsgA","CsgA","Faster aggregation","Yes; implied by kinetics.","No information","10.1074/jbc.M112.383737"
"CsgA","CsgA","Faster aggregation","Yes; implied by kinetics.","No information","10.1074/jbc.M112.383737"
"CsgA","CsgA","Faster aggregation","Yes; implied by kinetics.","No information","10.1074/jbc.M112.383737"
"CsgA","CsgA","Faster aggregation","Yes; implied by kinetics.","No information","10.1074/jbc.M112.383737"
"CsgA","CsgA","Faster aggregation","Yes; implied by kinetics.","No information","10.1074/jbc.M112.383737"
"CsgA","CsgA","Faster aggregation","Yes; implied by kinetics.","No information","10.1074/jbc.M112.383737"
"CsgA","CsgA","Faster aggregation","Yes; implied by kinetics.","No information","10.1074/jbc.M112.383737"
"CsgB","CsgA","Faster aggregation","Yes; implied by kinetics.","No information","10.1074/jbc.M112.383737"
"CsgB","CsgA","Faster aggregation","Yes; implied by kinetics.","No information","10.1074/jbc.M112.383737"
"CsgB","CsgA","Faster aggregation","Yes; implied by kinetics.","No information","10.1074/jbc.M112.383737"
"CsgB","CsgA","Faster aggregation","Yes; implied by kinetics.","No information","10.1074/jbc.M112.383737"
"CsgA","CsgA","Faster aggregation","Yes; implied by kinetics.","No information","10.1074/jbc.M112.383737"
"CsgA","CsgA","Faster aggregation","Yes; implied by kinetics.","No information","10.1074/jbc.M112.383737"
"CsgA","CsgA","Faster aggregation","Yes; implied by kinetics.","No information","10.1074/jbc.M112.383737"
"CsgA","CsgA","Faster aggregation","Yes; implied by kinetics.","No information","10.1074/jbc.M112.383737"
"CsgA","CsgA","Faster aggregation","Yes; implied by kinetics.","No information","10.1074/jbc.M112.383737"
"CsgB","CsgA","Faster aggregation","Yes; implied by kinetics.","No information","10.1074/jbc.M112.383737"
"Amyloid beta","CsgA","No effect","No","No information","10.1074/jbc.M112.383737"
"Sup35","CsgA","Slower aggregation","Formation of fibrils by the interactee is inhibited","No information","10.1074/jbc.M112.383737"
"CsgB","Sup35","No effect","No","No information","10.1074/jbc.M112.383737"
"CsgA","Amyloid beta","No effect","No","No information","10.1074/jbc.M112.383737"
"PSMalpha3","PSMalpha1","Faster aggregation","Yes; implied by kinetics.","No information","10.7554/elife.59776"
"PSMbeta1","PSMalpha1","Faster aggregation","Yes; implied by kinetics.","No information","10.7554/elife.59776"
"PSMbeta2","PSMalpha1","Faster aggregation","Yes; implied by kinetics.","No information","10.7554/elife.59776"
"PSMalpha1","PSMbeta1","Faster aggregation","Yes; implied by kinetics.","No information","10.7554/elife.59776"
"PSMalpha3","PSMbeta1","Faster aggregation","Yes; implied by kinetics.","No information","10.7554/elife.59776"
"PSMbeta2","PSMbeta1","Faster aggregation","Yes; implied by kinetics.","No information","10.7554/elife.59776"
"PSMalpha1","PSMalpha3","Faster aggregation","Yes; implied by kinetics.","No information","10.7554/elife.59776"
"PSMbeta2","PSMalpha3","Faster aggregation","Yes; implied by kinetics.","No information","10.7554/elife.59776"
"PSMbeta1","PSMalpha3","No aggregation","Formation of fibrils by the interactee is inhibited","No information","10.7554/elife.59776"
"PSMalpha1","PSMbeta2","Faster aggregation","Yes; implied by kinetics.","No information","10.7554/elife.59776"
"PSMbeta1","PSMbeta2","Faster aggregation","Yes; implied by kinetics.","No information","10.7554/elife.59776"
"PSMalpha3","PSMbeta2","Slower aggregation","Formation of fibrils by the interactee is inhibited","No information","10.7554/elife.59776"
"PSMalpha1","PSMalpha2","Faster aggregation","Yes; implied by kinetics.","No information","10.7554/elife.59776"
"PSMbeta1","PSMalpha2","Faster aggregation","Yes; implied by kinetics.","No information","10.7554/elife.59776"
"PSMalpha3","PSMalpha2","No aggregation","Formation of fibrils by the interactee is inhibited","No information","10.7554/elife.59776"
"PSMalpha1","PSMalpha4","Faster aggregation","Yes; implied by kinetics.","No information","10.7554/elife.59776"
"PSMbeta1","PSMalpha4","Faster aggregation","Yes; implied by kinetics.","No information","10.7554/elife.59776"
"PSMalpha3","PSMalpha4","No aggregation","Formation of fibrils by the interactee is inhibited","No information","10.7554/elife.59776"
"Sup35","Amyloid beta","Faster aggregation","Yes; implied by kinetics.","Yes","10.1039/D0TB02958K"
"Sup35","IAPP","Faster aggregation","Yes; implied by kinetics.","Yes","10.1039/D0TB02958K"
"Sup35","Amyloid beta","No effect","No","No information","10.1039/D0TB02958K"
"Sup35","IAPP","No effect","No","No information","10.1039/D0TB02958K"
"CsgA","Alpha-synuclein","Faster aggregation","Yes; implied by kinetics.","No information","10.7554/eLife.53111"
"CsgA","Tau","No effect","No","No information","10.7554/eLife.53111"
"CsgA","Alpha-synuclein","No effect","No","No information","10.7554/eLife.53111"
"CsgA","Sup35","Faster aggregation","Yes; implied by kinetics.","No information","10.1074/jbc.M112.383737"
"Sup35","Amyloid beta","Faster aggregation","Yes; implied by kinetics.","No information","10.1039/D0TB02958K"
"Sup35","Amyloid beta","Faster aggregation","Yes; implied by kinetics.","No information","10.1039/D0TB02958K"
"Sup35","Amyloid beta","No effect","No","No information","10.1039/D0TB02958K"
"Sup35","IAPP","Faster aggregation","Yes; implied by kinetics.","No information","10.1039/D0TB02958K"
"Sup35","IAPP","Faster aggregation","Yes; implied by kinetics.","No information","10.1039/D0TB02958K"
"Sup35","IAPP","No effect","No","No information","10.1039/D0TB02958K"
"Alpha-synuclein","Alpha-synuclein","Faster aggregation","Yes; implied by kinetics.","No information","10.1074/jbc.RA118.001862"
"Alpha-synuclein","Alpha-synuclein","Faster aggregation","Yes; implied by kinetics.","No information","10.1074/jbc.RA118.001862"
"Alpha-synuclein","Alpha-synuclein","Faster aggregation","Yes; implied by kinetics.","No information","10.1074/jbc.RA118.001862"
"Alpha-synuclein","Alpha-synuclein","Faster aggregation","Yes; implied by kinetics.","No information","10.1074/jbc.RA118.001862"
"Alpha-synuclein","Alpha-synuclein","Faster aggregation","Yes; implied by kinetics.","No information","10.1074/jbc.RA118.001862"
"Alpha-synuclein","Alpha-synuclein","Faster aggregation","Yes; implied by kinetics.","No information","10.1074/jbc.RA118.001862"
"Alpha-synuclein","Alpha-synuclein","Faster aggregation","Yes; implied by kinetics.","No information","10.1074/jbc.RA118.001862"
"Amyloid beta","Amyloid beta","Faster aggregation","No","No","10.1021/jacs.7b13660"
"Amyloid beta","Amyloid beta","Faster aggregation","Yes, direct evidence.","Yes","10.1021/jacs.7b13660"
"PSMalpha1","δ-toxin","Faster aggregation","Yes; implied by kinetics.","No information","10.7554/elife.59776"
"PSMbeta2","δ-toxin","Faster aggregation","Yes; implied by kinetics.","No information","10.7554/elife.59776"
"PSMalpha3","δ-toxin","No aggregation","Formation of fibrils by the interactee is inhibited","No","10.7554/elife.59776"
"Lysozyme","Lysozyme","Faster aggregation","Yes; implied by kinetics.","No information","10.1110/ps.04707004"
"Lysozyme","Lysozyme","Faster aggregation","Yes; implied by kinetics.","No information","10.1110/ps.04707004"
"Lysozyme","Lysozyme","Faster aggregation","Yes; implied by kinetics.","No information","10.1110/ps.04707004"
"Lysozyme","Lysozyme","Faster aggregation","Yes; implied by kinetics.","No information","10.1110/ps.04707004"
"Alpha-lactalbumin","Lysozyme","Faster aggregation","Yes; implied by kinetics.","No information","10.1110/ps.04707004"
"Insulin","Lysozyme","Faster aggregation","Yes; implied by kinetics.","No information","10.1110/ps.04707004"
"Lysozyme","Lysozyme","Faster aggregation","Yes; implied by kinetics.","No information","10.1110/ps.04707004"
"Alpha-lactalbumin","Alpha-lactalbumin","No effect","No","No information","10.1110/ps.04707004"
"Lysozyme","Lysozyme","Faster aggregation","Yes; implied by kinetics.","No information","10.1110/ps.04707004"
"Lysozyme","Alpha-lactalbumin","Faster aggregation","Yes; implied by kinetics.","No information","10.1110/ps.04707004"
"Insulin","IAPP","Slower aggregation","Formation of fibrils by the interactee is inhibited","No information","10.1021/bi4015488"
"Insulin","IAPP","Slower aggregation","Formation of fibrils by the interactee is inhibited","No information","10.1021/bi4015488"
"Amyloid beta","Amyloid beta","Faster aggregation","Yes; implied by kinetics.","No information","10.1074/jbc.M117.806109"
"IAPP","Amyloid beta","Faster aggregation","Yes; implied by kinetics.","No information","10.1074/jbc.M117.806109"
"IAPP","Amyloid beta","Faster aggregation","Yes; implied by kinetics.","No information","10.1074/jbc.M117.806109"
"Amyloid beta","IAPP","Faster aggregation","Yes; implied by kinetics.","No information","10.1074/jbc.M117.806109"
"IAPP","IAPP","Faster aggregation","Yes; implied by kinetics.","No information","10.1074/jbc.M117.806109"
"Amyloid beta","IAPP","Faster aggregation","Yes; implied by kinetics.","No information","10.1074/jbc.M117.806109"
"Amyloid beta","Tau","Faster aggregation","Yes, direct evidence.","No","10.1007/s00401-015-1525-x"
"Tau","Alpha-synuclein","Faster aggregation","Yes; implied by kinetics.","Yes","10.1016/j.jmb.2018.04.020"
"Alpha-synuclein","Tau","Faster aggregation","Yes; implied by kinetics.","No information","10.1016/j.jmb.2018.04.020"
"Tau","Alpha-synuclein","Faster aggregation","Yes; implied by kinetics.","No information","10.1016/j.jmb.2018.04.020"
"Alpha-synuclein","Tau","Faster aggregation","Yes; implied by kinetics.","No information","10.1523/JNEUROSCI.0297-11.2011"
"Alpha-synuclein","Tau","Faster aggregation","Yes; implied by kinetics.","No information","10.1523/JNEUROSCI.0297-11.2011"
"Rnq1","Sup35","Faster aggregation","Yes, direct evidence.","No","10.1038/s41598-017-05829-5"
"IAPP","IAPP","Faster aggregation","Yes; implied by kinetics.","No information","10.1021/acsomega.6b00559"
"Insulin","IAPP","Slower aggregation","Formation of fibrils by the interactee is inhibited","No","10.1016/j.jmb.2003.10.045"
"Insulin","IAPP","Slower aggregation","Formation of fibrils by the interactee is inhibited","No information","10.1016/j.jmb.2003.10.045"
"Insulin","IAPP","Faster aggregation","No","No information","10.1016/j.jmb.2003.10.045"
"Insulin","IAPP","Faster aggregation","Yes; implied by kinetics.","No","10.1016/j.jmb.2003.10.045"
"Amyloid beta","Tau","Faster aggregation","No","No","10.1186/s13195-019-0541-9"
"Amyloid beta","Alpha-synuclein","No aggregation","No","No","10.1186/s13195-019-0541-9"
"Rnq1","Sup35","Faster aggregation","Yes, direct evidence.","No","10.1074/jbc.M609269200"
"Sup35","Rnq1","Faster aggregation","Yes, direct evidence.","No","10.1074/jbc.M609269200"
"Amyloid beta","Amyloid beta","Slower aggregation","Formation of fibrils by the interactee is inhibited","Yes","10.1074/jbc.M803159200"
"Amyloid beta","Amyloid beta","Faster aggregation","Yes; implied by kinetics.","No","10.1074/jbc.M803159200"
"Amyloid beta","Amyloid beta","No aggregation","Formation of fibrils by the interactee is inhibited","Yes","10.1074/jbc.M803159200"
"Amyloid beta","Amyloid beta","No effect","Yes; implied by kinetics.","Yes","10.1074/jbc.M803159200"
"Amyloid beta","Tau","No information","Yes, direct evidence.","No information","10.1073/pnas.0509386103"
"Tau","Amyloid beta","No information","Yes, direct evidence.","No information","10.1073/pnas.0509386103"
"Tau","Amyloid beta","No information","Yes, direct evidence.","No information","10.1073/pnas.0509386103"
"Alpha-lactalbumin","Amyloid beta","Slower aggregation","Formation of fibrils by the interactee is inhibited","No information","10.1074/jbc.M114.574947"
"Albumin","Amyloid beta","Slower aggregation","Formation of fibrils by the interactee is inhibited","No information","10.1074/jbc.M114.574947"
"Beta-lactoglobulin","Amyloid beta","Slower aggregation","Formation of fibrils by the interactee is inhibited","No information","10.1074/jbc.M114.574947"
"Alpha-lactalbumin","Amyloid beta","No aggregation","Formation of fibrils by the interactee is inhibited","No","10.1074/jbc.M114.574947"
"Albumin","Amyloid beta","No aggregation","Formation of fibrils by the interactee is inhibited","No","10.1074/jbc.M114.574947"
"Lysozyme","Amyloid beta","Slower aggregation","Formation of fibrils by the interactee is inhibited","No information","10.1074/jbc.M114.574947"
"PrP","PrP","Faster aggregation","Yes; implied by kinetics.","No","10.1016/S1097-2765(04)00155-8"
"PrP","PrP","Faster aggregation","Yes; implied by kinetics.","No","10.1016/S1097-2765(04)00155-8"
"PrP","PrP","Faster aggregation","Yes; implied by kinetics.","No","10.1016/S1097-2765(04)00155-8"
"PrP","PrP","Faster aggregation","Yes; implied by kinetics.","No information","10.1016/S1097-2765(04)00155-8"
"PrP","PrP","Faster aggregation","Yes; implied by kinetics.","No information","10.1016/S1097-2765(04)00155-8"
"PrP","PrP","No effect","No","No information","10.1016/S1097-2765(04)00155-8"
"PrP","PrP","No effect","No","No information","10.1016/S1097-2765(04)00155-8"
"CsgA","SEVI","Faster aggregation","Yes; implied by kinetics.","No","10.7717/peerj.5"
"PrP","PrP","Faster aggregation","Yes; implied by kinetics.","No information","10.1016/S1097-2765(04)00155-8"
"PrP","PrP","No effect","No","No information","10.1016/S1097-2765(04)00155-8"
"PrP","PrP","Faster aggregation","Yes; implied by kinetics.","No information","10.1016/S1097-2765(04)00155-8"
"PrP","PrP","Faster aggregation","Yes; implied by kinetics.","No","10.1016/S1097-2765(04)00155-8"
"PrP","PrP","No effect","No","No information","10.1016/S1097-2765(04)00155-8"
"PrP","PrP","Faster aggregation","Yes; implied by kinetics.","No information","10.1016/S1097-2765(04)00155-8"
"PrP","PrP","Faster aggregation","Yes; implied by kinetics.","No information","10.1016/S1097-2765(04)00155-8"
"PrP","PrP","No effect","No","No information","10.1016/S1097-2765(04)00155-8"
"PrP","PrP","Faster aggregation","Yes; implied by kinetics.","No information","10.1016/S1097-2765(04)00155-8"
"PrP","PrP","No effect","No","No information","10.1016/S1097-2765(04)00155-8"
"Insulin","IAPP","No effect","No","No information","10.1021/bi4015488"
"Insulin","IAPP","No effect","No","No information","10.1021/bi4015488"
"Insulin","IAPP","Slower aggregation","Formation of fibrils by the interactee is inhibited","No information","10.1021/bi4015488"
"Insulin","IAPP","Slower aggregation","Formation of fibrils by the interactee is inhibited","No information","10.1021/bi4015488"
"Insulin","IAPP","No effect","No","No information","10.1021/bi4015488"
"Insulin","IAPP","Slower aggregation","Formation of fibrils by the interactee is inhibited","No information","10.1021/bi4015488"
"Insulin","IAPP","No effect","No","No information","10.1021/bi4015488"
"Alpha-synuclein","Alpha-synuclein","No aggregation","Formation of fibrils by the interactee is inhibited","No","10.1074/jbc.RA118.005603"
"Alpha-synuclein","Alpha-synuclein","Faster aggregation","Yes; implied by kinetics.","Yes","10.1074/jbc.RA118.005603"
"Alpha-synuclein","Alpha-synuclein","Faster aggregation","Yes; implied by kinetics.","Yes","10.1074/jbc.RA118.005603"
"Alpha-synuclein","Alpha-synuclein","Faster aggregation","Yes; implied by kinetics.","Yes","10.1074/jbc.RA118.005603"
"Alpha-synuclein","Alpha-synuclein","No information","Yes, direct evidence.","Yes","10.1074/jbc.RA118.005603"
"Alpha-synuclein","Alpha-synuclein","No information","Yes, direct evidence.","Yes","10.1074/jbc.RA118.005603"
"Albumin","Insulin","Faster aggregation","Yes; implied by kinetics.","Yes","10.1021/bi501333q"
"Insulin","Albumin","Faster aggregation","Yes; implied by kinetics.","Yes","10.1021/bi501333q"
"Lysozyme","Insulin","Faster aggregation","Yes; implied by kinetics.","Yes","10.1021/bi501333q"
"Insulin","Lysozyme","Faster aggregation","Yes; implied by kinetics.","Yes","10.1021/bi501333q"
"Albumin","Lysozyme","Faster aggregation","Yes; implied by kinetics.","Yes","10.1021/bi501333q"
"Lysozyme","Albumin","Faster aggregation","Yes; implied by kinetics.","Yes","10.1021/bi501333q"
"Albumin","Cytochrome C","Faster aggregation","Yes; implied by kinetics.","Yes","10.1021/bi501333q"
"Alpha-synuclein","Amyloid beta","Slower aggregation","Formation of fibrils by the interactee is inhibited","No information","10.1073/pnas.1700239114"
"Amyloid beta","Amyloid beta","Faster aggregation","Yes; implied by kinetics.","No information","10.1073/pnas.1700239114"
"CsgB","SEVI","Faster aggregation","Yes; implied by kinetics.","No","10.7717/peerj.5"
"CsgA","Amyloid beta","Faster aggregation","Yes; implied by kinetics.","No information","10.7717/peerj.5"
"CsgB","Amyloid beta","Faster aggregation","Yes; implied by kinetics.","No information","10.7717/peerj.5"
"CsgB","IAPP","Faster aggregation","Yes; implied by kinetics.","No information","10.7717/peerj.5"
"Amyloid beta","Amyloid beta","No effect","No","No information","10.7717/peerj.5"
"Amyloid beta","Amyloid beta","Faster aggregation","Yes; implied by kinetics.","No information","10.7717/peerj.5"
"IAPP","IAPP","Slower aggregation","Yes; implied by kinetics.","Yes","10.1021/acsomega.6b00559"
"IAPP","IAPP","Faster aggregation","Yes; implied by kinetics.","Yes","10.1021/acsomega.6b00559"
"IAPP","IAPP","Faster aggregation","Yes; implied by kinetics.","Yes","10.1021/acsomega.6b00559"
"Amyloid beta","Amyloid beta","Slower aggregation","Formation of fibrils by the interactee is inhibited","Yes","10.1016/j.jmb.2007.04.014"
"Insulin","Amyloid beta","Faster aggregation","Yes; implied by kinetics.","No information","10.1021/acschemneuro.5b00325"
"Amyloid beta","Insulin","Faster aggregation","Yes; implied by kinetics.","No information","10.1021/acschemneuro.5b00325"
"Insulin","Amyloid beta","Slower aggregation","Formation of fibrils by the interactee is inhibited","No information","10.1021/acschemneuro.5b00325"
"Alpha-synuclein","Tau","Faster aggregation","Yes, direct evidence.","No information","10.1126/science.1082324"
"Tau","Alpha-synuclein","Faster aggregation","Yes, direct evidence.","No information","10.1126/science.1082324"
"Alpha-synuclein","Tau","No aggregation","Yes, direct evidence.","No","10.1126/science.1082324"
"Tau","Amyloid beta","Slower aggregation","Yes, direct evidence.","No information","10.1126/science.1082324"
"Albumin","Albumin","Faster aggregation","Yes; implied by kinetics.","No","10.1021/bi501333q"
"Lysozyme","Lysozyme","Faster aggregation","Yes; implied by kinetics.","No","10.1021/bi501333q"
"Insulin","Insulin","Faster aggregation","Yes; implied by kinetics.","No","10.1021/bi501333q"
"Alpha-synuclein","Amyloid beta","Faster aggregation","Yes; implied by kinetics.","No information","10.1073/pnas.1700239114"
"Amyloid beta","Amyloid beta","Faster aggregation","Yes; implied by kinetics.","No information","10.1016/j.febslet.2013.02.008"
"Amyloid beta","Amyloid beta","Slower aggregation","Formation of fibrils by the interactee is inhibited","Yes","10.1016/j.febslet.2013.02.008"
"Rnq1","Sup35","Faster aggregation","Yes, direct evidence.","No information","10.1074/jbc.M410150200"
"Sup35","Sup35","Faster aggregation","Yes; implied by kinetics.","No","10.1074/jbc.M410150200"
"CsgB","Amyloid beta","Slower aggregation","Formation of fibrils by the interactee is inhibited","No information","10.7717/peerj.5"
"CsgB","Amyloid beta","Faster aggregation","Yes; implied by kinetics.","No information","10.7717/peerj.5"
"CsgA","IAPP","Faster aggregation","Yes; implied by kinetics.","No information","10.7717/peerj.5"
"CsgA","IAPP","Faster aggregation","Yes; implied by kinetics.","No information","10.7717/peerj.5"
"CsgA","IAPP","Faster aggregation","Yes; implied by kinetics.","No information","10.7717/peerj.5"
"S100A9","Amyloid beta","Faster aggregation","Yes; implied by kinetics.","Yes","10.1039/c3ra43665a"
"Alpha-synuclein","PrP","Slower aggregation","Formation of fibrils by the interactee is inhibited","No","10.1016/j.bbrc.2019.10.120"
"New1","New1","Faster aggregation","Yes; implied by kinetics.","No","10.1111/j.1365-2443.2011.01510.x"
"Sup35","New1","No effect","No","No","10.1111/j.1365-2443.2011.01510.x"
"New1","Sup35","Faster aggregation","Yes; implied by kinetics.","Yes","10.1111/j.1365-2443.2011.01510.x"
"Amyloid beta","Insulin","Faster aggregation","Yes; implied by kinetics.","Yes","10.1007/s12274-018-1995-y"
"Amyloid beta","Amyloid beta","Slower aggregation","Formation of fibrils by the interactee is inhibited","No","10.1016/j.ijms.2018.02.002"
"Amyloid beta","Amyloid beta","Faster aggregation","Yes; implied by kinetics.","Yes","10.1016/j.ijms.2018.02.002"
"Amyloid beta","Amyloid beta","Faster aggregation","Yes; implied by kinetics.","Yes","10.1038/s41598-020-80164-w"
"Amyloid beta","Amyloid beta","Slower aggregation","Formation of fibrils by the interactee is inhibited","Yes","10.1038/s41598-020-80164-w"
"IAPP","Tau","Faster aggregation","Yes, direct evidence.","Yes","10.1021/acschemneuro.9b00516"
"Amyloid beta","Amyloid beta","No effect","Yes; implied by kinetics.","Yes","10.1002/anie.201704618"
"Amyloid beta","Amyloid beta","Faster aggregation","Yes; implied by kinetics.","Yes","10.1002/anie.201704618"
"Amyloid beta","Amyloid beta","Slower aggregation","Formation of fibrils by the interactee is inhibited","No","10.1002/anie.201704618"
"Amyloid beta","Amyloid beta","Slower aggregation","Formation of fibrils by the interactee is inhibited","No","10.1002/anie.201704618"
"Amyloid beta","Amyloid beta","No effect","Yes; implied by kinetics.","No","10.1002/anie.201704618"
"IAPP","Amyloid beta","No information","Yes, direct evidence.","Yes","10.1039/C7CP08552D"
"CsgB","CsgA","Faster aggregation","Yes; implied by kinetics.","No","10.1073/pnas.0703310104"
"IAPP","CsgA","No effect","No information","No information","10.1073/pnas.0703310104"
"IAPP","Alpha-synuclein","No aggregation","Formation of fibrils by the interactee is inhibited","No","10.1038/s41598-020-77409-z"
"Alpha-synuclein","IAPP","No aggregation","Formation of fibrils by the interactee is inhibited","No","10.1038/s41598-020-77409-z"
"Amyloid beta","Tau","No effect","No","No","10.1186/s13195-019-0541-9"
"PrP","PrP","Faster aggregation","Yes; implied by kinetics.","No","10.3390/ijms21197410"
"Amyloid beta","Amyloid beta","Faster aggregation","Yes; implied by kinetics.","No","10.1111/j.1471-4159.2012.07847.x"
"Amyloid beta","Amyloid beta","Faster aggregation","Yes; implied by kinetics.","No","10.1111/j.1471-4159.2012.07847.x"
"Alpha-synuclein","Amyloid beta","Faster aggregation","Yes; implied by kinetics.","No","10.1111/j.1471-4159.2012.07847.x"
"Amyloid beta","Amyloid beta","Faster aggregation","Yes; implied by kinetics.","No","10.1111/j.1471-4159.2012.07847.x"
"Amyloid beta","Amyloid beta","Faster aggregation","Yes; implied by kinetics.","No","10.1111/j.1471-4159.2012.07847.x"
"Alpha-synuclein","Amyloid beta","Faster aggregation","Yes; implied by kinetics.","No","10.1111/j.1471-4159.2012.07847.x"
"Amyloid beta","Amyloid beta","Faster aggregation","Yes; implied by kinetics.",NA,"10.1111/j.1471-4159.2012.07847.x"
"Alpha-synuclein","Amyloid beta","Faster aggregation","Yes; implied by kinetics.",NA,"10.1111/j.1471-4159.2012.07847.x"
"Amyloid beta","Alpha-synuclein","Faster aggregation","Yes; implied by kinetics.","No","10.1111/j.1471-4159.2012.07847.x"
"Amyloid beta","Alpha-synuclein","Faster aggregation","Yes; implied by kinetics.","No","10.1111/j.1471-4159.2012.07847.x"
"Alpha-synuclein","Alpha-synuclein","Faster aggregation","Yes; implied by kinetics.",NA,"10.1111/j.1471-4159.2012.07847.x"
"Amyloid beta","Alpha-synuclein","Faster aggregation","Yes; implied by kinetics.","No","10.1111/j.1471-4159.2012.07847.x"
"Amyloid beta","Alpha-synuclein","Faster aggregation","Yes; implied by kinetics.","No","10.1111/j.1471-4159.2012.07847.x"
"Alpha-synuclein","Alpha-synuclein","Faster aggregation","Yes; implied by kinetics.",NA,"10.1111/j.1471-4159.2012.07847.x"
"Amyloid beta","IAPP","No effect","Yes, direct evidence.","No","10.1002/jms.4643"
"IAPP","IAPP","Faster aggregation","Yes; implied by kinetics.","No","10.1002/jms.4643"
"IAPP","Amyloid beta","Faster aggregation","Yes; implied by kinetics.","No","10.1002/jms.4643"
"IAPP","IAPP","Faster aggregation","Yes; implied by kinetics.","No","10.1002/jms.4643"
"Lysozyme","Lysozyme","Faster aggregation","Yes; implied by kinetics.","No","10.3389/fmolb.2020.00206"
"Lysozyme","Lysozyme","Faster aggregation","Yes; implied by kinetics.","No","10.3389/fmolb.2020.00206"
"Lysozyme","Lysozyme","Faster aggregation","Yes; implied by kinetics.","No information","10.3389/fmolb.2020.00206"
"Lysozyme","Lysozyme","Faster aggregation","Yes; implied by kinetics.","No information","10.3389/fmolb.2020.00206"
"Lysozyme","Lysozyme","Faster aggregation","Yes; implied by kinetics.","No","10.3389/fmolb.2020.00206"
"Lysozyme","Lysozyme","Faster aggregation","Yes; implied by kinetics.","No","10.3389/fmolb.2020.00206"
"Lysozyme","Lysozyme","Faster aggregation","Yes; implied by kinetics.","No","10.3389/fmolb.2020.00206"
"Lysozyme","Lysozyme","Faster aggregation","Yes; implied by kinetics.","Yes","10.3389/fmolb.2020.00206"
"Lysozyme","Lysozyme","Faster aggregation","Yes; implied by kinetics.","No","10.3389/fmolb.2020.00206"
"Lysozyme","Lysozyme","Faster aggregation","Yes; implied by kinetics.","No information","10.3389/fmolb.2020.00206"
"Lysozyme","Lysozyme","Faster aggregation","Yes; implied by kinetics.","No","10.3389/fmolb.2020.00206"
"Lysozyme","Lysozyme","Faster aggregation","Yes; implied by kinetics.","No information","10.3389/fmolb.2020.00206"
"Lysozyme","Lysozyme","Faster aggregation","Yes; implied by kinetics.","No","10.3389/fmolb.2020.00206"
"Lysozyme","Lysozyme","Faster aggregation","Yes; implied by kinetics.","No information","10.3389/fmolb.2020.00206"
"Lysozyme","Lysozyme","Faster aggregation","Yes; implied by kinetics.","No","10.3389/fmolb.2020.00206"
"Lysozyme","Lysozyme","Faster aggregation","Yes; implied by kinetics.","No","10.3389/fmolb.2020.00206"
"Lysozyme","Lysozyme","No aggregation","Formation of fibrils by the interactee is inhibited","No","10.3389/fmolb.2020.00206"
"Lysozyme","Lysozyme","No aggregation","Formation of fibrils by the interactee is inhibited","No","10.3389/fmolb.2020.00206"
"Lysozyme","Lysozyme","No aggregation","Formation of fibrils by the interactee is inhibited","No","10.3389/fmolb.2020.00206"
"Amyloid beta","Amyloid beta","Faster aggregation","Yes; implied by kinetics.","No","10.1021/jacs.5b07849"
"Amyloid beta","Amyloid beta","Faster aggregation","Yes; implied by kinetics.","No","10.1021/jacs.5b07849"
"Amyloid beta","Amyloid beta","Faster aggregation","Yes; implied by kinetics.","No","10.1021/jacs.5b07849"
"Amyloid beta","Amyloid beta","Faster aggregation","Yes; implied by kinetics.","Yes","10.1021/jacs.5b07849"
"Amyloid beta","Amyloid beta","Faster aggregation","Yes; implied by kinetics.","Yes","10.1021/jacs.5b07849"
"Amyloid beta","Amyloid beta","Faster aggregation","Yes; implied by kinetics.","Yes","10.1021/jacs.5b07849"
"Amyloid beta","Amyloid beta","Faster aggregation","Yes; implied by kinetics.","Yes","10.1021/jacs.5b07849"
"Amyloid beta","Amyloid beta","Faster aggregation","Yes; implied by kinetics.","No information","10.1021/jacs.5b07849"
"Amyloid beta","Amyloid beta","Faster aggregation","Yes; implied by kinetics.","No information","10.1021/jacs.5b07849"
"Amyloid beta","Amyloid beta","Faster aggregation","Yes; implied by kinetics.","Yes","10.1021/jacs.5b07849"
"Amyloid beta","Amyloid beta","Faster aggregation","Yes; implied by kinetics.","No information","10.1021/jacs.5b07849"
"Amyloid beta","Amyloid beta","Faster aggregation","Yes; implied by kinetics.","No information","10.1021/jacs.5b07849"
"Alpha-synuclein","Tau","Faster aggregation","Yes; implied by kinetics.","Yes","10.1074/jbc.RA119.012284"
"Alpha-synuclein","Tau","Faster aggregation","Yes; implied by kinetics.","Yes","10.1074/jbc.RA119.012284"
"Tau","Alpha-synuclein","Faster aggregation","Yes; implied by kinetics.","Yes","10.1074/jbc.RA119.012284"
"Tau","Alpha-synuclein","Faster aggregation","Yes; implied by kinetics.","Yes","10.1074/jbc.RA119.012284"
"Alpha-synuclein","Tau","Faster aggregation","Yes; implied by kinetics.","No information","10.1074/jbc.RA119.012284"
"Alpha-synuclein","Tau","Faster aggregation","Yes; implied by kinetics.","No information","10.1074/jbc.RA119.012284"
"Alpha-synuclein","S100A9","Faster aggregation","Yes; implied by kinetics.","Yes","10.1186/s12974-018-1210-9"
"S100A9","Alpha-synuclein","Faster aggregation","Yes; implied by kinetics.","Yes","10.1186/s12974-018-1210-9"
"Cystatin C","Amyloid beta","Slower aggregation","Formation of fibrils by the interactee is inhibited","No information","10.1074/jbc.M117.786558"
"Cystatin C","Amyloid beta","No aggregation","Formation of fibrils by the interactee is inhibited","No information","10.1074/jbc.M117.786558"
"IAPP","IAPP","No aggregation","No information","No information","10.1021/acs.biochem.7b00739"
"IAPP","IAPP","No aggregation","Formation of fibrils by the interactee is inhibited","No","10.1021/acs.biochem.7b00739"
"IAPP","IAPP","No aggregation","Formation of fibrils by the interactee is inhibited","No","10.1021/acs.biochem.7b00739"
"Alpha-synuclein","PrP","No effect","No","No","10.1016/j.bbrc.2019.10.120"
"PrP","Amyloid beta","No aggregation","Formation of fibrils by the interactee is inhibited","No","10.1021/cn500019c"
"Amyloid beta","Amyloid beta","Faster aggregation","Yes; implied by kinetics.","No","10.1021/cn500019c"
"PrP","Amyloid beta","Slower aggregation","Formation of fibrils by the interactee is inhibited","No","10.1021/cn500019c"
"Amyloid beta","Amyloid beta","No aggregation","Formation of fibrils by the interactee is inhibited","No","10.1523/JNEUROSCI.4849-06.2007"
"Sup35","Sup35","Faster aggregation","Yes; implied by kinetics.","No","10.1016/j.colsurfb.2016.10.011"
"Sup35","Insulin","Slower aggregation","Formation of fibrils by the interactee is inhibited","No information","10.1016/j.colsurfb.2016.10.011"
"Sup35","Albumin","Slower aggregation","Formation of fibrils by the interactee is inhibited","No information","10.1016/j.colsurfb.2016.10.011"
"Sup35","Insulin","Faster aggregation","Yes; implied by kinetics.","No","10.1016/j.colsurfb.2016.10.011"
"Sup35","Lysozyme","Slower aggregation","Formation of fibrils by the interactee is inhibited","No information","10.1016/j.colsurfb.2016.10.011"
"PrP","Amyloid beta","Slower aggregation","Formation of fibrils by the interactee is inhibited","No","10.1074/jbc.M112.423954"
"PrP","Amyloid beta","No effect","No","No","10.1074/jbc.M112.423954"
"Amyloid beta","Alpha-synuclein","Faster aggregation","Yes, direct evidence.","No information","10.1073/pnas.211412398"
"Amyloid beta","Alpha-synuclein","No effect","No","No information","10.1073/pnas.211412398"
"Alpha-crystallin","Amyloid beta","Slower aggregation","Formation of fibrils by the interactee is inhibited","No","10.1023/B:MCBI.0000049373.15558.b8"
"Alpha-crystallin","Amyloid beta","Slower aggregation","Formation of fibrils by the interactee is inhibited","No","10.1023/B:MCBI.0000049373.15558.b8"
"Alpha-crystallin","Amyloid beta","No aggregation","Formation of fibrils by the interactee is inhibited","No","10.1023/B:MCBI.0000049373.15558.b8"
"Alpha-crystallin","Amyloid beta","No aggregation","Formation of fibrils by the interactee is inhibited","No","10.1023/B:MCBI.0000049373.15558.b8"
"Kappa-casein","Beta-lactoglobulin","Slower aggregation","Formation of fibrils by the interactee is inhibited","Yes","10.1002/smll.201603591"
"Beta-lactoglobulin","Kappa-casein","Slower aggregation","Formation of fibrils by the interactee is inhibited","Yes","10.1002/smll.201603591"
"Tau","Amyloid beta","Slower aggregation","No information","Yes","10.1093/jb/mvaa101"
"Alpha-synuclein","Alpha-synuclein","Faster aggregation","Yes, direct evidence.","No","10.1074/jbc.M508623200"
"GroES","Alpha-synuclein","Faster aggregation","Yes, direct evidence.","Yes","10.1074/jbc.M508623200"
"Transthyretin","Transthyretin","No effect","No","No","10.1155/2008/429274"
"IAPP","Transthyretin","Faster aggregation","Yes; implied by kinetics.","No information","10.1155/2008/429274"
"Transthyretin","IAPP","No effect","No","No","10.1155/2008/429274"
"IAPP","IAPP","Faster aggregation","Yes; implied by kinetics.","No","10.1155/2008/429274"
"Alpha-crystallin","Alpha-synuclein","Slower aggregation","Formation of fibrils by the interactee is inhibited","No information","10.1016/j.jmb.2004.05.054"
"Alpha-crystallin","Alpha-synuclein","Slower aggregation","Formation of fibrils by the interactee is inhibited","No information","10.1016/j.jmb.2004.05.054"
"Alpha-crystallin","Alpha-synuclein","Slower aggregation","Formation of fibrils by the interactee is inhibited","No information","10.1016/j.jmb.2004.05.054"
"Amyloid beta","Amyloid beta","Faster aggregation","Yes; implied by kinetics.","Yes","10.1039/C6SC04797A"
"Amyloid beta","Amyloid beta","Faster aggregation","Yes; implied by kinetics.","Yes","10.1039/C6SC04797A"
"Amyloid beta","Amyloid beta","Faster aggregation","Yes; implied by kinetics.","No information","10.1039/C6SC04797A"
"Amyloid beta","Amyloid beta","Slower aggregation","Formation of fibrils by the interactee is inhibited","No information","10.1039/C6SC04797A"
"Amyloid beta","Amyloid beta","Faster aggregation","Yes; implied by kinetics.","No information","10.1039/C6SC04797A"
"Amyloid beta","Amyloid beta","No information","Yes, direct evidence.","No information","10.1016/j.jmb.2018.05.001"
"Amyloid beta","Amyloid beta","No information","No","No information","10.1016/j.jmb.2018.05.001"
"Amyloid beta","Amyloid beta","Faster aggregation","Yes; implied by kinetics.","No","10.1016/j.jmb.2018.05.001"
"Amyloid beta","Amyloid beta","Faster aggregation","No","No information","10.1016/j.jmb.2018.05.001"
"Amyloid beta","Amyloid beta","Faster aggregation","Yes; implied by kinetics.","No","10.1016/j.jmb.2018.05.001"
"Amyloid beta","Amyloid beta","Faster aggregation","Yes; implied by kinetics.","No information","10.1016/j.jmb.2018.05.001"
"Beta-parvalbumin","Alpha-synuclein","No effect","No information","No information","s41598-018-23850-0"
"Beta-parvalbumin","Alpha-synuclein","No aggregation","Formation of fibrils by the interactee is inhibited","No","s41598-018-23850-0"
"Insulin","IAPP","No aggregation","Formation of fibrils by the interactee is inhibited","No information","10.1002/anie.200602034"
"Insulin","IAPP","No aggregation","Formation of fibrils by the interactee is inhibited","No information","10.1002/anie.200602034"
"Insulin","IAPP","No aggregation","Formation of fibrils by the interactee is inhibited","No information","10.1002/anie.200602034"
"Insulin","IAPP","Faster aggregation","Yes; implied by kinetics.","No information","10.1002/anie.200602034"
"Insulin","IAPP","No aggregation","Formation of fibrils by the interactee is inhibited","No information","10.1002/anie.200602034"
"Insulin","IAPP","No aggregation","Formation of fibrils by the interactee is inhibited","No information","10.1002/anie.200602034"
"Insulin","IAPP","No aggregation","Formation of fibrils by the interactee is inhibited","No information","10.1002/anie.200602034"
"Alpha-synuclein","Alpha-synuclein","Faster aggregation","Yes; implied by kinetics.","No information","10.1017/S0033583516000172"
"Transthyretin","Amyloid beta","Slower aggregation","Formation of fibrils by the interactee is inhibited","No information","10.1021/acs.jmedchem.9b01970"
"Amyloid beta","Amyloid beta","Faster aggregation","Yes; implied by kinetics.","No information","10.1074/jbc.M111.264473"
"Amyloid beta","Amyloid beta","Slower aggregation","Yes; implied by kinetics.","No information","10.1074/jbc.M111.264473"
"Amyloid beta","Amyloid beta","Faster aggregation","Yes; implied by kinetics.","No information","10.1074/jbc.M111.264473"
"Amyloid beta","Amyloid beta","Faster aggregation","Yes; implied by kinetics.","No information","10.1074/jbc.M111.264473"
"Amyloid beta","Amyloid beta","Faster aggregation","Yes; implied by kinetics.","No information","10.1074/jbc.M111.264473"
"Amyloid beta",NA,"Faster aggregation","Yes; implied by kinetics.","No information","10.1074/jbc.M111.264473"
"Amyloid beta","Amyloid beta","Faster aggregation","Yes; implied by kinetics.","No information","10.1074/jbc.M111.264473"
"Amyloid beta","Amyloid beta","Faster aggregation","Yes; implied by kinetics.","No information","10.1074/jbc.M111.264473"
"Amyloid beta","Amyloid beta","Faster aggregation","Yes; implied by kinetics.","No","10.1039/C4SC02517B"
"Amyloid beta","Amyloid beta","No effect","Yes; implied by kinetics.","No","10.1039/C4SC02517B"
"Amyloid beta","Amyloid beta","Faster aggregation","Yes; implied by kinetics.","No","10.1039/C4SC02517B"
"Amyloid beta","Amyloid beta","Faster aggregation","Yes; implied by kinetics.","No","10.1039/C4SC02517B"
"Amyloid beta","Tau","Faster aggregation","Yes; implied by kinetics.","No information","10.7554/eLife.46924"
"Tau","Tau","Faster aggregation","Yes; implied by kinetics.","No information","10.7554/eLife.46924"
"Amyloid beta","Tau","Faster aggregation","Yes; implied by kinetics.","No information","10.7554/eLife.46924"
"Amyloid beta","Amyloid beta","Faster aggregation","Yes; implied by kinetics.","No information","10.7554/eLife.46924"
"Tau","Amyloid beta","Slower aggregation","Yes; implied by kinetics.","No information","10.7554/eLife.46924"
"Amyloid beta","Alpha-synuclein","Faster aggregation","Yes; implied by kinetics.","No information","10.3390/molecules25030580"
"Amyloid beta","Alpha-synuclein","Faster aggregation","Yes; implied by kinetics.","No information","10.3390/molecules25030580"
"Amyloid beta","Alpha-synuclein","Faster aggregation","Yes; implied by kinetics.","Yes","10.3390/molecules25030580"
"Amyloid beta","Alpha-synuclein","Faster aggregation","Yes; implied by kinetics.","Yes","10.3390/molecules25030580"
"Amyloid beta","IAPP","Faster aggregation","Yes; implied by kinetics.","No","10.1021/acschemneuro.5b00192"
"IAPP","Amyloid beta","Faster aggregation","Yes; implied by kinetics.","No","10.1021/acschemneuro.5b00192"
"Serum amyloid A","Serum amyloid A","Faster aggregation","Yes; implied by kinetics.","No information","10.3109/13506129.2011.630761 "
"Medin","Serum amyloid A","Faster aggregation","Yes; implied by kinetics.","No information","10.3109/13506129.2011.630761"
"Serum amyloid A","Medin","No effect","No","No information","10.3109/13506129.2011.630761"
"Medin","Medin","Faster aggregation","No information","No information","10.3109/13506129.2011.630761"
"Alpha-synuclein","Pmel17","Faster aggregation","Yes, direct evidence.","Yes","10.1073/pnas.2009702117"
"Pmel17","Alpha-synuclein","No effect","Yes; implied by kinetics.","No information","10.1073/pnas.2009702117"
"Pmel17","Pmel17","Faster aggregation","Yes; implied by kinetics.","No","10.1073/pnas.2009702117"
"Alpha-synuclein","Alpha-synuclein","Faster aggregation","Yes; implied by kinetics.","No information","10.1074/jbc.M501508200"
"Alpha-synuclein","Alpha-synuclein","Faster aggregation","Yes; implied by kinetics.","No information","10.1074/jbc.M501508200"
"Alpha-synuclein","Alpha-synuclein","Faster aggregation","Yes; implied by kinetics.","No information","10.1074/jbc.M501508200"
"Alpha-synuclein","Alpha-synuclein","Faster aggregation","Yes; implied by kinetics.","No information","10.1074/jbc.M501508200"
"Tau","Amyloid beta","Slower aggregation","Formation of fibrils by the interactee is inhibited","No","10.1021/jacs.7b13623"
"IAPP","IAPP","Slower aggregation","Formation of fibrils by the interactee is inhibited","No","10.1002/anie.201302840"
"IAPP","IAPP","Slower aggregation","Formation of fibrils by the interactee is inhibited","No","10.1002/anie.201302840"
"Lysozyme","Amyloid beta","No aggregation","Formation of fibrils by the interactee is inhibited","No","10.1039/C3CC42325E"
"Albumin","Amyloid beta","No effect","No","No","10.1016/J.BPJ.2009.08.028"
"Albumin","Amyloid beta","No effect","No","No","10.1016/J.BPJ.2009.08.028"
"Amyloid beta","Amyloid beta","No aggregation","Formation of fibrils by the interactee is inhibited","No","10.1021/ja8092604"
"Albumin","Amyloid beta","No effect","No","No","10.1016/J.BPJ.2009.08.028"
"Albumin","Amyloid beta","Slower aggregation","Formation of fibrils by the interactee is inhibited","Yes","10.1016/J.BPJ.2009.08.028"
"Alpha-crystallin","Amyloid beta","No aggregation","Formation of fibrils by the interactee is inhibited","No","10.1021/bi701823g"
"Alpha-crystallin","Insulin","No aggregation","Formation of fibrils by the interactee is inhibited","No","10.1021/bi701823g"
"Alpha-crystallin","Insulin","Faster aggregation","Yes; implied by kinetics.","No information","10.1021/bi701823g"
"Alpha-crystallin","Insulin","Faster aggregation","Yes; implied by kinetics.","No information","10.1021/bi701823g"
"Alpha-crystallin","Insulin","Faster aggregation","Yes; implied by kinetics.","No information","10.1021/bi701823g"
"Lysozyme","Amyloid beta","Slower aggregation","Yes; implied by kinetics.","No information","10.1016/j.nbd.2015.08.024"
"Lysozyme","Amyloid beta","No aggregation","Formation of fibrils by the interactee is inhibited","No","10.1016/j.nbd.2015.08.024"
"Amyloid beta","S100A9","Faster aggregation","Yes; implied by kinetics.","Yes","10.1007/s00401-013-1208-4"
"S100A9","Amyloid beta","Faster aggregation","Yes; implied by kinetics.","Yes","10.1007/s00401-013-1208-4"
"Amyloid beta","S100A9","Faster aggregation","Yes; implied by kinetics.","Yes","10.1007/s00401-013-1208-4"
"S100A9","Amyloid beta","Faster aggregation","Yes; implied by kinetics.","Yes","10.1007/s00401-013-1208-4"
"Amyloid beta","Amyloid beta","Faster aggregation","Yes; implied by kinetics.","No information","10.1038/nature11060"
"Beta2-microglobulin","Beta2-microglobulin","Slower aggregation","No","No information","10.1016/j.molcel.2014.05.026"
"Beta2-microglobulin","Beta2-microglobulin","No aggregation","Formation of fibrils by the interactee is inhibited","No","10.1016/j.molcel.2014.05.026"
"Beta2-microglobulin","Beta2-microglobulin","Slower aggregation","No information","No information","10.1016/j.molcel.2014.05.026"
"Beta2-microglobulin","Beta2-microglobulin","Slower aggregation","No information","No information","10.1016/j.molcel.2014.05.026"
"Beta2-microglobulin","Beta2-microglobulin","Faster aggregation","No information","No information","10.1016/j.molcel.2014.05.026"
"Transthyretin","Amyloid beta","No aggregation","Formation of fibrils by the interactee is inhibited","No","10.1016/j.clinbiochem.2005.08.007"
"Transthyretin","Amyloid beta","Slower aggregation","Formation of fibrils by the interactee is inhibited","No information","10.1021/acs.biomac.9b01475"
"Transthyretin","Amyloid beta","Slower aggregation","Formation of fibrils by the interactee is inhibited","No","10.1021/acs.biomac.9b01475"
"Apolipoprotein A-I","Amyloid beta","Slower aggregation","No information","No information","10.1016/j.biocel.2008.12.003"
"Apolipoprotein A-I","Amyloid beta","No aggregation","Formation of fibrils by the interactee is inhibited","No","10.1016/j.biocel.2008.12.003"
"Amyloid beta","Amyloid beta","Faster aggregation","Yes; implied by kinetics.","No","10.1016/j.bbadis.2014.01.002"
"IAPP","Amyloid beta","Faster aggregation","Yes; implied by kinetics.","No","10.1016/j.bbadis.2014.01.002"
"Sericin","Amyloid beta","Faster aggregation","Yes; implied by kinetics.","No","10.1016/j.bbadis.2014.01.002"
"Amyloid beta","Amyloid beta","Faster aggregation","Yes; implied by kinetics.","No","10.1016/j.bbadis.2014.01.002"
"IAPP","Amyloid beta","Faster aggregation","Yes; implied by kinetics.","No","10.1016/j.bbadis.2014.01.002"
"Sericin","Amyloid beta","Faster aggregation","Yes; implied by kinetics.","No","10.1016/j.bbadis.2014.01.002"
"Alpha-synuclein","Amyloid beta","No aggregation","Formation of fibrils by the interactee is inhibited","No","10.1021/acs.biochem.9b00655"
"Alpha-synuclein","Amyloid beta","Faster aggregation","Yes; implied by kinetics.","No","10.1021/acs.biochem.9b00655"
"Alpha-synuclein","Amyloid beta","Faster aggregation","Yes; implied by kinetics.","No","10.1021/acs.biochem.9b00655"
"Alpha-synuclein","Amyloid beta","Faster aggregation","Yes; implied by kinetics.","No information","10.1021/acs.biochem.9b00655"
"Apolipoprotein A-I","Amyloid beta","No aggregation","Formation of fibrils by the interactee is inhibited","No information","10.1021/bi002186k"
"Tau","Tau","Faster aggregation","Yes; implied by kinetics.","No","10.1371/journal.pone.0201182"
"Tau","Tau","Faster aggregation","Yes; implied by kinetics.","No information","10.1371/journal.pone.0201182"
"Tau","Tau","Faster aggregation","Yes; implied by kinetics.","No information","10.1371/journal.pone.0201182"
"Alpha-synuclein","Alpha-synuclein","Faster aggregation","Yes; implied by kinetics.","No","10.1016/j.celrep.2016.08.053"
"Alpha-synuclein","Alpha-synuclein","No effect","No information","No information","10.1016/j.celrep.2016.08.053"
"Alpha-synuclein","Alpha-synuclein","Faster aggregation","Yes; implied by kinetics.","No information","10.1016/j.celrep.2016.08.053"
"Alpha-synuclein","Alpha-synuclein","Faster aggregation","Yes; implied by kinetics.","No information","10.1016/j.celrep.2016.08.053"
"Alpha-synuclein","Alpha-synuclein","Faster aggregation","Yes; implied by kinetics.","No information","10.1016/j.celrep.2016.08.053"
"Alpha-synuclein","Alpha-synuclein","Faster aggregation","Yes; implied by kinetics.","No information","10.1016/j.celrep.2016.08.053"
"Alpha-synuclein","Alpha-synuclein","Faster aggregation","Yes; implied by kinetics.","No information","10.1016/j.celrep.2016.08.053"
"Alpha-synuclein","Alpha-synuclein","Faster aggregation","Yes; implied by kinetics.","No information","10.1016/j.celrep.2016.08.053"
"Alpha-synuclein","Alpha-synuclein","No effect","No information","No information","10.1016/j.celrep.2016.08.053"
"Alpha-synuclein","Alpha-synuclein","Faster aggregation","Yes; implied by kinetics.","No","10.1016/j.celrep.2016.08.053"
"Alpha-synuclein","Alpha-synuclein","Faster aggregation","Yes; implied by kinetics.","No information","10.1016/j.celrep.2016.08.053"
"Alpha-synuclein","Alpha-synuclein","Faster aggregation","Yes; implied by kinetics.","No information","10.1016/j.celrep.2016.08.053"
"Alpha-synuclein","Alpha-synuclein","No effect","No information","No information","10.1016/j.celrep.2016.08.053"
"Alpha-synuclein","Alpha-synuclein","No effect","No information","No information","10.1016/j.celrep.2016.08.053"
"Alpha-synuclein","Alpha-synuclein","Faster aggregation","Yes; implied by kinetics.","No information","10.1016/j.celrep.2016.08.053"
"Alpha-synuclein","Alpha-synuclein","Faster aggregation","Yes; implied by kinetics.","No information","10.1016/j.celrep.2016.08.053"
"Alpha-synuclein","Alpha-synuclein","Faster aggregation","Yes; implied by kinetics.","No information","10.1016/j.celrep.2016.08.053"
"Alpha-synuclein","Alpha-synuclein","No effect","No information","No information","10.1016/j.celrep.2016.08.053"
"Tau","Tubulin","Faster aggregation","Yes; implied by kinetics.","No information","10.1074/jbc.M116.736355"
"Alpha-synuclein","Tubulin","No effect","No information","No information","10.1074/jbc.M116.736355"
"Amyloid beta","PrP","No information","Formation of fibrils by the interactee is inhibited","No","10.1101/2021.01.04.425177"
"Transthyretin","Amyloid beta","No information","Formation of fibrils by the interactee is inhibited","No information","10.1021/acs.jmedchem.9b01970"
"Tau","Amyloid beta","Faster aggregation","Yes; implied by kinetics.","No information","10.1021/acschemneuro.7b00433"
"Tau","Amyloid beta","Slower aggregation","Formation of fibrils by the interactee is inhibited","No information","10.1021/acschemneuro.7b00433"
"Tau","Amyloid beta","No effect","No information","No information","10.1021/acschemneuro.7b00433"
"Tau","Amyloid beta","No aggregation","Formation of fibrils by the interactee is inhibited","No","10.1021/acschemneuro.7b00433"
"Tau","Amyloid beta","Faster aggregation","Yes; implied by kinetics.","No information","10.1021/acschemneuro.7b00433"
"Tau","Amyloid beta","No aggregation","Formation of fibrils by the interactee is inhibited","No","10.1021/acschemneuro.7b00433"
"Tau","Amyloid beta","Slower aggregation","Formation of fibrils by the interactee is inhibited","No information","10.1021/acschemneuro.7b00433"
"Tau","Amyloid beta","Faster aggregation","Yes; implied by kinetics.","No information","10.1021/acschemneuro.7b00433"
"Tau","Amyloid beta","No effect","No information","No information","10.1021/acschemneuro.7b00433"
"Alpha-synuclein","Alpha-synuclein","Slower aggregation","Yes, direct evidence.","Yes","10.1016/j.jmb.2018.05.024"
"IAPP","Insulin","Slower aggregation","Yes, direct evidence.","Yes","10.1002/anie.200801499"
"IAPP","IAPP","Faster aggregation","Yes; implied by kinetics.","No information","10.1021/la500632d"
"Tau","Alpha-synuclein","Faster aggregation","Yes; implied by kinetics.","No information","10.1021/acs.biochem.9b00215"
"Rnq1","Sup35","Faster aggregation","Yes; implied by kinetics.","No information","10.1073/pnas.0404968101"
"Transthyretin","Sup35","No effect","No","No information","10.1073/pnas.0404968101"
"Alpha-synuclein","Sup35","No effect","No","No","10.1073/pnas.0404968101"
"Insulin","Sup35","Faster aggregation","Yes; implied by kinetics.","No information","10.1073/pnas.0404968101"
"Insulin","Sup35","No effect","No","No information","10.1073/pnas.0404968101"
"Lysozyme","Sup35","No effect","No","No information","10.1073/pnas.0404968101"
"IAPP","Amyloid beta","Faster aggregation","Yes; implied by kinetics.","Yes","10.1021/acschemneuro.7b00396"
"Amyloid beta","IAPP","No effect","No","Yes","10.1021/acschemneuro.7b00396"
"Albumin","Amyloid beta","No aggregation","Formation of fibrils by the interactee is inhibited","Yes","10.1016/j.jmb.2018.01.008"
"Amyloid beta","Tau","No information","Yes, direct evidence.","No information","10.1016/s0014-5793(02)02376-1"
"Amyloid beta","Alpha-synuclein","No information","Yes, direct evidence.","Yes","10.1371/journal.pone.0003135"
"Amyloid beta","Amyloid beta","Faster aggregation","Yes; implied by kinetics.","No","10.1016/j.jmb.2015.06.008"
"Amyloid beta","Amyloid beta","Faster aggregation","Yes; implied by kinetics.","No","10.1016/j.bbadis.2014.01.002"
"IAPP","Amyloid beta","Faster aggregation","Yes; implied by kinetics.","No information","10.1016/j.bbadis.2014.01.002"
"Amyloid beta","Amyloid beta","Faster aggregation","Yes; implied by kinetics.","No","10.1016/j.bbadis.2014.01.002"
"Alpha-casein","Amyloid beta","Faster aggregation","Yes; implied by kinetics.","No information","10.1016/j.bbadis.2014.01.002"
"Fibroin","Amyloid beta","Faster aggregation","Yes; implied by kinetics.","No information","10.1016/j.bbadis.2014.01.002"
"Sericin","Amyloid beta","Faster aggregation","Yes; implied by kinetics.","No information","10.1016/j.bbadis.2014.01.002"
"Alpha-casein","Amyloid beta","Faster aggregation","Yes; implied by kinetics.","No information","10.1016/j.bbadis.2014.01.002"
"Fibroin","Amyloid beta","Faster aggregation","Yes; implied by kinetics.","No information","10.1016/j.bbadis.2014.01.002"
"IAPP","Amyloid beta","Faster aggregation","Yes; implied by kinetics.","No information","10.1016/j.bbadis.2014.01.002"
"Sericin","Amyloid beta","Faster aggregation","Yes; implied by kinetics.","No information","10.1016/j.bbadis.2014.01.002"
"Alpha-crystallin","Kappa-casein","No aggregation","Formation of fibrils by the interactee is inhibited","No information","10.1007/s12192-010-0212-z"
"Alpha-casein","Kappa-casein","No aggregation","Formation of fibrils by the interactee is inhibited","No information","10.1007/s12192-010-0212-z"
"Beta-casein","Kappa-casein","No aggregation","Formation of fibrils by the interactee is inhibited","No information","10.1007/s12192-010-0212-z"
"Alpha-crystallin","Amyloid beta","No aggregation","Formation of fibrils by the interactee is inhibited","No","10.1007/s12192-010-0212-z"
"Alpha-synuclein","GroES","No information","No information","No information","10.1074/jbc.M508623200"
"Insulin","Alpha-synuclein","Faster aggregation","Yes; implied by kinetics.","No","10.1074/jbc.M508623200"
"Lysozyme","Alpha-synuclein","Faster aggregation","Yes, direct evidence.","No","10.1074/jbc.M508623200"
"Amyloid beta","Amyloid beta","Faster aggregation","Yes; implied by kinetics.","No","10.1021/acs.langmuir.8b03599"
"Amyloid beta","Amyloid beta","Faster aggregation","Yes; implied by kinetics.","No","10.1021/acs.langmuir.8b03599"
"Amyloid beta","Amyloid beta","Faster aggregation","Yes; implied by kinetics.","No","10.1021/acs.langmuir.8b03599"
"Amyloid beta","Amyloid beta","Faster aggregation","Yes; implied by kinetics.","No","10.1021/acs.langmuir.8b03599"
"Transthyretin","IAPP","Slower aggregation","Formation of fibrils by the interactee is inhibited","No information","10.3390/biom11030411"
"Apolipoprotein A-I","IAPP","Slower aggregation","Formation of fibrils by the interactee is inhibited","No information","https://doi.org/ 10.3390/biom11030411"
"Alpha-crystallin","Alpha-crystallin","Faster aggregation","Yes, direct evidence.","Yes","10.1371/journal.pone.0019291"
"Lysozyme","Alpha-synuclein","Faster aggregation","No","No","10.1016/ j.jbc.2021.100358"
"Insulin","Insulin","Faster aggregation","Yes; implied by kinetics.","No","10.1039/D0RA05414C"
"Alpha-casein","Amyloid beta","Faster aggregation","Yes; implied by kinetics.","No","10.1016/j.bbadis.2014.01.002"
"Fibroin","Amyloid beta","Faster aggregation","Yes; implied by kinetics.","No","10.1016/j.bbadis.2014.01.002"
"Alpha-casein","Amyloid beta","Faster aggregation","Yes; implied by kinetics.","No","10.1016/j.bbadis.2014.01.002"
"Fibroin","Amyloid beta","Faster aggregation","Yes; implied by kinetics.","No","10.1016/j.bbadis.2014.01.002"
"Alpha-crystallin","Insulin","Faster aggregation","Yes; implied by kinetics.","No","10.1039/D0RA05414C"
"Insulin","Insulin","Faster aggregation","Yes; implied by kinetics.","No","10.1039/D0RA05414C"
"Insulin","Insulin","Faster aggregation","Yes; implied by kinetics.","No","10.1039/D0RA05414C"
"Alpha-crystallin","Insulin","Slower aggregation","Formation of fibrils by the interactee is inhibited","Yes","10.1039/D0RA05414C"
"Alpha-synuclein","IAPP","Faster aggregation","Yes; implied by kinetics.","Yes","10.1007/978-1-4939-7816-8_6"
"CRES","CRES","Faster aggregation","Yes; implied by kinetics.","No","10.1074/jbc.RA120.015307"
"CRES","CRES","Faster aggregation","Yes; implied by kinetics.","Yes","10.1074/jbc.RA120.015307"
"CRES","CRES","Faster aggregation","Yes; implied by kinetics.","Yes","10.1074/jbc.RA120.015307"
"CRES","Amyloid beta","No aggregation","Formation of fibrils by the interactee is inhibited","No","10.1074/jbc.RA120.015307"
"CRES","Amyloid beta","No effect","No","Yes","10.1074/jbc.RA120.015307"
"CRES","Amyloid beta","No aggregation","Formation of fibrils by the interactee is inhibited","No","10.1074/jbc.RA120.015307"
"PrP","Amyloid beta","Slower aggregation","Formation of fibrils by the interactee is inhibited","No information","10.1096/fj.12-222588"
"PrP","Amyloid beta","No aggregation","Formation of fibrils by the interactee is inhibited","No information","10.1096/fj.12-222588"
"Alpha-synuclein","Alpha-synuclein","Faster aggregation","Yes, direct evidence.","No","10.1021/acschemneuro.5b00322"
"Alpha-synuclein","Alpha-synuclein","Faster aggregation","Yes, direct evidence.","No","10.1021/acschemneuro.5b00322"
"Alpha-synuclein","Alpha-synuclein","Faster aggregation","Yes, direct evidence.","No","10.1021/acschemneuro.5b00322"
"Alpha-synuclein","Alpha-synuclein","Faster aggregation","Yes, direct evidence.","No","10.1021/acschemneuro.5b00322"
"Alpha-synuclein","Alpha-synuclein","Faster aggregation","Yes, direct evidence.","No","10.1021/acschemneuro.5b00322"
"Alpha-synuclein","Alpha-synuclein","No aggregation","Formation of fibrils by the interactee is inhibited","No","10.1021/acschemneuro.5b00322"
"Alpha-synuclein","Alpha-synuclein","Faster aggregation","Yes, direct evidence.","No","10.1021/acschemneuro.5b00322"
"Alpha-synuclein","Alpha-synuclein","Faster aggregation","Yes, direct evidence.","No","10.1021/acschemneuro.5b00322"
"PrP","Amyloid beta","No aggregation","Formation of fibrils by the interactee is inhibited","No information","10.1096/fj.12-222588"
"Alpha-synuclein","Alpha-synuclein","Faster aggregation","Yes; implied by kinetics.","Yes","10.1074/jbc.M807482200"
"Alpha-synuclein","Alpha-synuclein","Faster aggregation","Yes; implied by kinetics.","No information","10.1074/jbc.M807482200"
"Alpha-synuclein","Alpha-synuclein","Faster aggregation","Yes; implied by kinetics.","No information","10.1074/jbc.M807482200"
"Alpha-synuclein","Alpha-synuclein","Faster aggregation","Yes; implied by kinetics.","No","10.1074/jbc.M807482200"
"TDP-43","Alpha-synuclein","Faster aggregation","Yes, direct evidence.","Yes","10.1101/2020.12.12.422524"
"Alpha-synuclein","TDP-43","Faster aggregation","Yes, direct evidence.","Yes","10.1101/2020.12.12.422524"
"Amyloid beta","Amyloid beta","Slower aggregation","Yes; implied by kinetics.","No information","10.1016/j.peptides.2009.01.027"
"S100A9","Amyloid beta","Faster aggregation","Yes; implied by kinetics.","Yes","10.1021/acschembio.9b00394"
"Amyloid beta","Amyloid beta","No effect","Yes; implied by kinetics.","Yes","10.1111/febs.12813"
"Amyloid beta","Amyloid beta","Slower aggregation","Yes; implied by kinetics.","Yes","10.1111/febs.12813"
"PrP","Amyloid beta","No aggregation","Formation of fibrils by the interactee is inhibited","No","10.1074/jbc.RA118.003319"
"PrP","Amyloid beta","No aggregation","Formation of fibrils by the interactee is inhibited","No","10.1074/jbc.RA118.003319"
"PrP","Amyloid beta","No aggregation","Formation of fibrils by the interactee is inhibited","No","10.1074/jbc.RA118.003319"
"PrP","Amyloid beta","No aggregation","Formation of fibrils by the interactee is inhibited","No","10.1074/jbc.RA118.003319"
"Tau","Amyloid beta","No effect","No information","No information","10.1021/acschemneuro.7b00433"
"Tau","Amyloid beta","Faster aggregation","Yes; implied by kinetics.","No information","10.1021/acschemneuro.7b00433"
"Tau","Amyloid beta","Faster aggregation","Yes; implied by kinetics.","No information","10.1021/acschemneuro.7b00433"
"Tau","Amyloid beta","Slower aggregation","Formation of fibrils by the interactee is inhibited","No information","10.1021/acschemneuro.7b00433"
"Tau","Amyloid beta","No effect","No information","No information","10.1021/acschemneuro.7b00433"
"Tau","Amyloid beta","Slower aggregation","Formation of fibrils by the interactee is inhibited","No information","10.1021/acschemneuro.7b00433"
"Tau","Amyloid beta","No effect","No information","No information","10.1021/acschemneuro.7b00433"
"Tau","Amyloid beta","Slower aggregation","Formation of fibrils by the interactee is inhibited","No information","10.1021/acschemneuro.7b00433"
"Tau","Amyloid beta","No effect","Formation of fibrils by the interactee is inhibited","No information","10.1021/acschemneuro.7b00433"
"Tau","Amyloid beta","Slower aggregation","Formation of fibrils by the interactee is inhibited","No information","10.1021/acschemneuro.7b00433"
"Tau","Amyloid beta","Faster aggregation","Yes; implied by kinetics.","No information","10.1021/acschemneuro.7b00433"
"Tau","Amyloid beta","Slower aggregation","Formation of fibrils by the interactee is inhibited","No information","10.1021/acschemneuro.7b00433"
"Tau","Amyloid beta","No effect","No information","No information","10.1021/acschemneuro.7b00433"
"Tau","Amyloid beta","No effect","No information","No information","10.1021/acschemneuro.7b00433"
"Tau","Amyloid beta","Slower aggregation","Formation of fibrils by the interactee is inhibited","No information","10.1021/acschemneuro.7b00433"
"Tau","Amyloid beta","Faster aggregation","Yes; implied by kinetics.","No information","10.1021/acschemneuro.7b00433"
"Tau","Amyloid beta","No effect","No information","No information","10.1021/acschemneuro.7b00433"
"Tau","Amyloid beta","Slower aggregation","Formation of fibrils by the interactee is inhibited","No information","10.1021/acschemneuro.7b00433"
"Tau","Amyloid beta","No aggregation","Formation of fibrils by the interactee is inhibited","No","10.1021/acschemneuro.7b00433"
"IAPP","Amyloid beta","No aggregation","Formation of fibrils by the interactee is inhibited","No","10.1002/anie.201504973"
"IAPP","Amyloid beta","No aggregation","Formation of fibrils by the interactee is inhibited","No","10.1002/anie.201504973"
"IAPP","Amyloid beta","No effect","No information","No information","10.1002/anie.201504973"
"IAPP","Amyloid beta","No effect","No information","No information","10.1002/anie.201504973"
"IAPP","Amyloid beta","No effect","No information","No information","10.1002/anie.201504973"
"IAPP","IAPP","No aggregation","Formation of fibrils by the interactee is inhibited","No","10.1002/anie.201504973"
"IAPP","IAPP","No effect","No information","No information","10.1002/anie.201504973"
"IAPP","IAPP","No effect","No information","No information","10.1002/anie.201504973"
"IAPP","IAPP","No effect","No information","No information","10.1002/anie.201504973"
"IAPP","IAPP","No effect","No information","No information","10.1002/anie.201504973"
"IAPP","Amyloid beta","No aggregation","Formation of fibrils by the interactee is inhibited","No","10.1002/anie.201504973"
"IAPP","Amyloid beta","No aggregation","Formation of fibrils by the interactee is inhibited","No","10.1002/anie.201504973"
"IAPP","Amyloid beta","No aggregation","Formation of fibrils by the interactee is inhibited","No","10.1002/anie.201504973"
"IAPP","IAPP","Faster aggregation","Yes; implied by kinetics.","No information","10.1016/j.bpj.2019.05.013"
"IAPP","IAPP","Faster aggregation","Yes; implied by kinetics.","No","10.1016/j.bpj.2019.05.013"
"IAPP","IAPP","Faster aggregation","Yes; implied by kinetics.","No","10.1016/j.bpj.2019.05.013"
"IAPP","IAPP","No aggregation","Formation of fibrils by the interactee is inhibited","No","10.1073/pnas.0507471103"
"PrP","Amyloid beta","No aggregation","Yes, direct evidence.","No","10.1074/jbc.M117.789990"
"Lysozyme","Insulin","Faster aggregation","Yes; implied by kinetics.","No information","7. 10.3390/ijms22041775"
"Amyloid beta","Insulin",NA,"No","No","10.1016/j.jmb.2006.05.007"
"IAPP","IAPP","Faster aggregation","Yes; implied by kinetics.","Yes","10.1039/C7SC00620A"
"IAPP","IAPP","Faster aggregation","Yes; implied by kinetics.","Yes","10.1039/C7SC00620A"
"IAPP","IAPP","Slower aggregation","Formation of fibrils by the interactee is inhibited","Yes","10.1039/C7SC00620A"
"IAPP","IAPP","No effect","No","Yes","10.1039/C7SC00620A"
"IAPP","IAPP","Faster aggregation","Yes; implied by kinetics.","Yes","10.1039/C7SC00620A"
"IAPP","IAPP","Faster aggregation","Yes; implied by kinetics.","Yes","10.1039/C7SC00620A"
"IAPP","IAPP","Faster aggregation","Yes; implied by kinetics.","Yes","10.1039/C7SC00620A"
"IAPP","IAPP","Faster aggregation","Yes; implied by kinetics.","Yes","10.1039/C7SC00620A"
"IAPP","IAPP","Faster aggregation","Yes; implied by kinetics.","Yes","10.1039/C7SC00620A"
"IAPP","IAPP","Faster aggregation","Yes; implied by kinetics.","Yes","10.1039/C7SC00620A"
"IAPP","IAPP","No effect","No","Yes","10.1039/C7SC00620A"
"IAPP","IAPP","No effect","No","Yes","10.1039/C7SC00620A"
"IAPP","IAPP","Faster aggregation","Yes; implied by kinetics.","Yes","10.1039/C7SC00620A"
"IAPP","IAPP","No effect","No","Yes","10.1039/C7SC00620A"
"IAPP","IAPP","Faster aggregation","Yes; implied by kinetics.","Yes","10.1039/C7SC00620A"
"IAPP","IAPP","Faster aggregation","Yes; implied by kinetics.","Yes","10.1039/C7SC00620A"
"IAPP","IAPP","No effect","No","Yes","10.1039/C7SC00620A"
"IAPP","IAPP","No effect","No","Yes","10.1039/C7SC00620A"
"IAPP","IAPP","No effect","No","Yes","10.1039/C7SC00620A"
"IAPP","IAPP","No effect","No","Yes","10.1039/C7SC00620A"
"IAPP","IAPP","Faster aggregation","Yes; implied by kinetics.","Yes","10.1039/C7SC00620A"
"IAPP","IAPP","No effect","No","Yes","10.1039/C7SC00620A"
"IAPP","IAPP","No effect","No","Yes","10.1039/C7SC00620A"
"IAPP","IAPP","No effect","No","Yes","10.1039/C7SC00620A"
"IAPP","IAPP","No effect","No","Yes","10.1039/C7SC00620A"
"IAPP","IAPP","No effect","No","Yes","10.1039/C7SC00620A"
"IAPP","IAPP","No effect","No","Yes","10.1039/C7SC00620A"
"IAPP","IAPP","No effect","No","Yes","10.1039/C7SC00620A"
"IAPP","IAPP","No effect","No","Yes","10.1039/C7SC00620A"
"IAPP","IAPP","No effect","No","Yes","10.1039/C7SC00620A"
"p53","p53","Faster aggregation","Yes; implied by kinetics.","No","10.1073/pnas.1500262112"
"p53","p53","Faster aggregation","Yes; implied by kinetics.","No","10.1073/pnas.1500262112"
"FapC","Alpha-synuclein","No effect","No","No","10.1021/acsomega.8b03590"
"FapC","Alpha-synuclein","Faster aggregation","Yes; implied by kinetics.","No information","10.1021/acsomega.8b03590"
"FapC","Alpha-synuclein","Faster aggregation","Yes; implied by kinetics.","No information","10.1021/acsomega.8b03590"
"FapC","Alpha-synuclein","No aggregation","Formation of fibrils by the interactee is inhibited","No","10.1021/acsomega.8b03590"
"FapC","Alpha-synuclein","No effect","No","No","10.1021/acsomega.8b03590"
"IAPP","Alpha-synuclein","Faster aggregation","Yes, direct evidence.","No information","10.1007/978-1-4939-7816-8_6"
"Alpha-crystallin","Insulin","Slower aggregation","Formation of fibrils by the interactee is inhibited","Yes","10.1039/D0RA05414C"
"Amyloid beta","CRES","Faster aggregation","Yes, direct evidence.","Yes","10.1074/jbc.RA120.015307"
"IAPP","IAPP","No effect","No","No","10.1016/j.bpj.2019.05.013"
"IAPP","IAPP","Faster aggregation","Yes; implied by kinetics.","No","10.1016/j.bpj.2019.05.013"
"Transthyretin","Amyloid beta","No effect","Yes, direct evidence.","No","10.1021/bi101280t"
"Transthyretin","Amyloid beta","Faster aggregation","Yes, direct evidence.","Yes","10.1021/bi101280t"
"Transthyretin","Amyloid beta","Slower aggregation","Yes, direct evidence.","Yes","10.1021/bi101280t"
"CRES","CRES","Faster aggregation","Yes; implied by kinetics.","No","10.1074/jbc.RA120.015307"
"CRES","CRES","No aggregation","Formation of fibrils by the interactee is inhibited","No","10.1074/jbc.RA120.015307"
"CRES","Amyloid beta","No aggregation","Formation of fibrils by the interactee is inhibited","No","10.1074/jbc.RA120.015307"
"CRES","CRES","Faster aggregation","Yes; implied by kinetics.","No","10.1074/jbc.RA120.015307"
"CRES","Amyloid beta","No aggregation","Formation of fibrils by the interactee is inhibited","No","10.1074/jbc.RA120.015307"
"CRES","Amyloid beta","Faster aggregation","Yes; implied by kinetics.","No information","10.1074/jbc.RA120.015307"
"Amyloid beta","Amyloid beta","Faster aggregation","No information","No information","10.1002/1873-3468.12526"
"Amyloid beta","Amyloid beta","Faster aggregation","No information","No information","10.1002/1873-3468.12526"
"Amyloid beta","Amyloid beta","Faster aggregation","No information","No information","10.1002/1873-3468.12526"
"Amyloid beta","Amyloid beta","Faster aggregation","No information","No information","10.1002/1873-3468.12526"
"IAPP","Amyloid beta","No aggregation","Formation of fibrils by the interactee is inhibited","Yes","10.1002/anie.200604056"
"IAPP","Amyloid beta","Slower aggregation","Yes, direct evidence.","Yes","10.1002/anie.200604056"
