"interactor_name","interactee_name","aggregation_speed","elongates_by_attaching","heterogenous_fibers","doi","AGID"
"IAPP","Amyloid beta","Faster aggregation","Yes; implied by kinetics.","No information","10.1038/mp.2016.230","AG00001"
"IAPP","Amyloid beta","No information","Yes, direct evidence.","Yes","10.1038/mp.2016.230","AG00002"
"Insulin","Amyloid beta","Slower aggregation","Formation of fibrils by the interactee is inhibited","No information","10.1021/acs.biochem.9b00696","AG00003"
"Insulin","Amyloid beta","No aggregation","Formation of fibrils by the interactee is inhibited","No","10.1021/acs.biochem.9b00696","AG00004"
"FapC","Amyloid beta","Faster aggregation","Yes, direct evidence.","Yes","10.1002/advs.202001299","AG00005"
"Alpha-synuclein","IAPP","Faster aggregation","Yes, direct evidence.","Yes","10.1038/s41598-020-77409-z","AG00006"
"Alpha-synuclein","IAPP","Slower aggregation","Formation of fibrils by the interactee is inhibited","Yes","10.1073/pnas.1610371113","AG00007"
"IAPP","Alpha-synuclein","Faster aggregation","Yes; implied by kinetics.","No","10.1073/pnas.1610371113","AG00008"
"Alpha-synuclein","IAPP","Faster aggregation","Yes; implied by kinetics.","No","10.1073/pnas.1610371113","AG00009"
"IAPP","Alpha-synuclein","Slower aggregation","Formation of fibrils by the interactee is inhibited","Yes","10.1073/pnas.1610371113","AG00010"
"IAPP","Alpha-synuclein","Slower aggregation","Formation of fibrils by the interactee is inhibited","No","10.1073/pnas.1610371113","AG00011"
"Alpha-synuclein","IAPP","No effect","Yes; implied by kinetics.","Yes","10.1073/pnas.1610371113","AG00012"
"Amyloid beta","Amyloid beta","Faster aggregation","Yes, direct evidence.","No","10.1038/mp.2016.230","AG00013"
"IAPP","Amyloid beta","Faster aggregation","Yes, direct evidence.","No","10.1038/mp.2016.230","AG00014"
"Alpha-synuclein","IAPP","Faster aggregation","Yes; implied by kinetics.","Yes","10.1073/pnas.1610371113","AG00015"
"IAPP","Alpha-synuclein","Faster aggregation","Yes; implied by kinetics.","Yes","10.1073/pnas.1610371113","AG00016"
"Alpha-synuclein","IAPP","Slower aggregation","Formation of fibrils by the interactee is inhibited","No","10.1038/s41598-020-77409-z","AG00017"
"Alpha-synuclein","IAPP","No effect","No","No","10.1038/s41598-020-77409-z","AG00018"
"Alpha-synuclein","IAPP","Faster aggregation","Yes; implied by kinetics.","No information","10.1038/s41598-020-77409-z","AG00019"
"Alpha-synuclein","IAPP","No effect","No","No information","10.1038/s41598-020-77409-z","AG00020"
"CsgA","CsgA","Faster aggregation","Yes; implied by kinetics.","No information","10.1074/jbc.M112.383737","AG00021"
"CsgA","CsgA","Faster aggregation","Yes; implied by kinetics.","No information","10.1074/jbc.M112.383737","AG00022"
"CsgA","CsgA","Faster aggregation","Yes; implied by kinetics.","No information","10.1074/jbc.M112.383737","AG00023"
"CsgA","CsgA","Faster aggregation","Yes; implied by kinetics.","No information","10.1074/jbc.M112.383737","AG00024"
"CsgA","CsgA","Faster aggregation","Yes; implied by kinetics.","No information","10.1074/jbc.M112.383737","AG00025"
"CsgA","CsgA","Faster aggregation","Yes; implied by kinetics.","No information","10.1074/jbc.M112.383737","AG00026"
"CsgA","CsgA","Faster aggregation","Yes; implied by kinetics.","No information","10.1074/jbc.M112.383737","AG00027"
"CsgB","CsgA","Faster aggregation","Yes; implied by kinetics.","No information","10.1074/jbc.M112.383737","AG00028"
"CsgB","CsgA","Faster aggregation","Yes; implied by kinetics.","No information","10.1074/jbc.M112.383737","AG00029"
"CsgB","CsgA","Faster aggregation","Yes; implied by kinetics.","No information","10.1074/jbc.M112.383737","AG00030"
"CsgB","CsgA","Faster aggregation","Yes; implied by kinetics.","No information","10.1074/jbc.M112.383737","AG00031"
"CsgA","CsgA","Faster aggregation","Yes; implied by kinetics.","No information","10.1074/jbc.M112.383737","AG00032"
"CsgA","CsgA","Faster aggregation","Yes; implied by kinetics.","No information","10.1074/jbc.M112.383737","AG00033"
"CsgA","CsgA","Faster aggregation","Yes; implied by kinetics.","No information","10.1074/jbc.M112.383737","AG00034"
"CsgA","CsgA","Faster aggregation","Yes; implied by kinetics.","No information","10.1074/jbc.M112.383737","AG00035"
"CsgA","CsgA","Faster aggregation","Yes; implied by kinetics.","No information","10.1074/jbc.M112.383737","AG00036"
"CsgB","CsgA","Faster aggregation","Yes; implied by kinetics.","No information","10.1074/jbc.M112.383737","AG00037"
"Amyloid beta","CsgA","No effect","No","No information","10.1074/jbc.M112.383737","AG00038"
"Sup35","CsgA","Slower aggregation","Formation of fibrils by the interactee is inhibited","No information","10.1074/jbc.M112.383737","AG00039"
"CsgB","Sup35","No effect","No","No information","10.1074/jbc.M112.383737","AG00040"
"CsgA","Amyloid beta","No effect","No","No information","10.1074/jbc.M112.383737","AG00041"
"PSMalpha3","PSMalpha1","Faster aggregation","Yes; implied by kinetics.","No information","10.7554/elife.59776","AG00042"
"PSMbeta1","PSMalpha1","Faster aggregation","Yes; implied by kinetics.","No information","10.7554/elife.59776","AG00043"
"PSMbeta2","PSMalpha1","Faster aggregation","Yes; implied by kinetics.","No information","10.7554/elife.59776","AG00044"
"PSMalpha1","PSMbeta1","Faster aggregation","Yes; implied by kinetics.","No information","10.7554/elife.59776","AG00045"
"PSMalpha3","PSMbeta1","Faster aggregation","Yes; implied by kinetics.","No information","10.7554/elife.59776","AG00046"
"PSMbeta2","PSMbeta1","Faster aggregation","Yes; implied by kinetics.","No information","10.7554/elife.59776","AG00047"
"PSMalpha1","PSMalpha3","Faster aggregation","Yes; implied by kinetics.","No information","10.7554/elife.59776","AG00048"
"PSMbeta2","PSMalpha3","Faster aggregation","Yes; implied by kinetics.","No information","10.7554/elife.59776","AG00049"
"PSMbeta1","PSMalpha3","No aggregation","Formation of fibrils by the interactee is inhibited","No information","10.7554/elife.59776","AG00050"
"PSMalpha1","PSMbeta2","Faster aggregation","Yes; implied by kinetics.","No information","10.7554/elife.59776","AG00051"
"PSMbeta1","PSMbeta2","Faster aggregation","Yes; implied by kinetics.","No information","10.7554/elife.59776","AG00052"
"PSMalpha3","PSMbeta2","Slower aggregation","Formation of fibrils by the interactee is inhibited","No information","10.7554/elife.59776","AG00053"
"PSMalpha1","PSMalpha2","Faster aggregation","Yes; implied by kinetics.","No information","10.7554/elife.59776","AG00054"
"PSMbeta1","PSMalpha2","Faster aggregation","Yes; implied by kinetics.","No information","10.7554/elife.59776","AG00055"
"PSMalpha3","PSMalpha2","No aggregation","Formation of fibrils by the interactee is inhibited","No information","10.7554/elife.59776","AG00056"
"PSMalpha1","PSMalpha4","Faster aggregation","Yes; implied by kinetics.","No information","10.7554/elife.59776","AG00057"
"PSMbeta1","PSMalpha4","Faster aggregation","Yes; implied by kinetics.","No information","10.7554/elife.59776","AG00058"
"PSMalpha3","PSMalpha4","No aggregation","Formation of fibrils by the interactee is inhibited","No information","10.7554/elife.59776","AG00059"
"Sup35","Amyloid beta","Faster aggregation","Yes; implied by kinetics.","Yes","10.1039/D0TB02958K","AG00060"
"Sup35","IAPP","Faster aggregation","Yes; implied by kinetics.","Yes","10.1039/D0TB02958K","AG00061"
"Sup35","Amyloid beta","No effect","No","No information","10.1039/D0TB02958K","AG00062"
"Sup35","IAPP","No effect","No","No information","10.1039/D0TB02958K","AG00063"
"CsgA","Alpha-synuclein","Faster aggregation","Yes; implied by kinetics.","No information","10.7554/eLife.53111","AG00064"
"CsgA","Tau","No effect","No","No information","10.7554/eLife.53111","AG00065"
"CsgA","Alpha-synuclein","No effect","No","No information","10.7554/eLife.53111","AG00066"
"CsgA","Sup35","Faster aggregation","Yes; implied by kinetics.","No information","10.1074/jbc.M112.383737","AG00067"
"Sup35","Amyloid beta","Faster aggregation","Yes; implied by kinetics.","No information","10.1039/D0TB02958K","AG00068"
"Sup35","Amyloid beta","Faster aggregation","Yes; implied by kinetics.","No information","10.1039/D0TB02958K","AG00069"
"Sup35","Amyloid beta","No effect","No","No information","10.1039/D0TB02958K","AG00070"
"Sup35","IAPP","Faster aggregation","Yes; implied by kinetics.","No information","10.1039/D0TB02958K","AG00071"
"Sup35","IAPP","Faster aggregation","Yes; implied by kinetics.","No information","10.1039/D0TB02958K","AG00072"
"Sup35","IAPP","No effect","No","No information","10.1039/D0TB02958K","AG00073"
"Alpha-synuclein","Alpha-synuclein","Faster aggregation","Yes; implied by kinetics.","No information","10.1074/jbc.RA118.001862","AG00074"
"Alpha-synuclein","Alpha-synuclein","Faster aggregation","Yes; implied by kinetics.","No information","10.1074/jbc.RA118.001862","AG00075"
"Alpha-synuclein","Alpha-synuclein","Faster aggregation","Yes; implied by kinetics.","No information","10.1074/jbc.RA118.001862","AG00076"
"Alpha-synuclein","Alpha-synuclein","Faster aggregation","Yes; implied by kinetics.","No information","10.1074/jbc.RA118.001862","AG00077"
"Alpha-synuclein","Alpha-synuclein","Faster aggregation","Yes; implied by kinetics.","No information","10.1074/jbc.RA118.001862","AG00078"
"Alpha-synuclein","Alpha-synuclein","Faster aggregation","Yes; implied by kinetics.","No information","10.1074/jbc.RA118.001862","AG00079"
"Alpha-synuclein","Alpha-synuclein","Faster aggregation","Yes; implied by kinetics.","No information","10.1074/jbc.RA118.001862","AG00080"
"Amyloid beta","Amyloid beta","Faster aggregation","No","No","10.1021/jacs.7b13660","AG00081"
"Amyloid beta","Amyloid beta","Faster aggregation","Yes, direct evidence.","Yes","10.1021/jacs.7b13660","AG00082"
"PSMalpha1","Delta-toxin","Faster aggregation","Yes; implied by kinetics.","No information","10.7554/elife.59776","AG00083"
"PSMbeta2","Delta-toxin","Faster aggregation","Yes; implied by kinetics.","No information","10.7554/elife.59776","AG00084"
"PSMalpha3","Delta-toxin","No aggregation","Formation of fibrils by the interactee is inhibited","No","10.7554/elife.59776","AG00085"
"Lysozyme","Lysozyme","Faster aggregation","Yes; implied by kinetics.","No information","10.1110/ps.04707004","AG00086"
"Lysozyme","Lysozyme","Faster aggregation","Yes; implied by kinetics.","No information","10.1110/ps.04707004","AG00087"
"Lysozyme","Lysozyme","Faster aggregation","Yes; implied by kinetics.","No information","10.1110/ps.04707004","AG00088"
"Lysozyme","Lysozyme","Faster aggregation","Yes; implied by kinetics.","No information","10.1110/ps.04707004","AG00089"
"Alpha-lactalbumin","Lysozyme","Faster aggregation","Yes; implied by kinetics.","No information","10.1110/ps.04707004","AG00090"
"Insulin","Lysozyme","Faster aggregation","Yes; implied by kinetics.","No information","10.1110/ps.04707004","AG00091"
"Lysozyme","Lysozyme","Faster aggregation","Yes; implied by kinetics.","No information","10.1110/ps.04707004","AG00092"
"Alpha-lactalbumin","Alpha-lactalbumin","No effect","No","No information","10.1110/ps.04707004","AG00093"
"Lysozyme","Lysozyme","Faster aggregation","Yes; implied by kinetics.","No information","10.1110/ps.04707004","AG00094"
"Lysozyme","Alpha-lactalbumin","Faster aggregation","Yes; implied by kinetics.","No information","10.1110/ps.04707004","AG00095"
"Insulin","IAPP","Slower aggregation","Formation of fibrils by the interactee is inhibited","No information","10.1021/bi4015488","AG00096"
"Insulin","IAPP","Slower aggregation","Formation of fibrils by the interactee is inhibited","No information","10.1021/bi4015488","AG00097"
"Amyloid beta","Amyloid beta","Faster aggregation","Yes; implied by kinetics.","No information","10.1074/jbc.M117.806109","AG00098"
"IAPP","Amyloid beta","Faster aggregation","Yes; implied by kinetics.","No information","10.1074/jbc.M117.806109","AG00099"
"IAPP","Amyloid beta","Faster aggregation","Yes; implied by kinetics.","No information","10.1074/jbc.M117.806109","AG00100"
"Amyloid beta","IAPP","Faster aggregation","Yes; implied by kinetics.","No information","10.1074/jbc.M117.806109","AG00101"
"IAPP","IAPP","Faster aggregation","Yes; implied by kinetics.","No information","10.1074/jbc.M117.806109","AG00102"
"Amyloid beta","IAPP","Faster aggregation","Yes; implied by kinetics.","No information","10.1074/jbc.M117.806109","AG00103"
"Amyloid beta","Tau","Faster aggregation","Yes, direct evidence.","No","10.1007/s00401-015-1525-x","AG00104"
"Tau","Alpha-synuclein","Faster aggregation","Yes; implied by kinetics.","Yes","10.1016/j.jmb.2018.04.020","AG00105"
"Alpha-synuclein","Tau","Faster aggregation","Yes; implied by kinetics.","No information","10.1016/j.jmb.2018.04.020","AG00106"
"Tau","Alpha-synuclein","Faster aggregation","Yes; implied by kinetics.","No information","10.1016/j.jmb.2018.04.020","AG00107"
"Alpha-synuclein","Tau","Faster aggregation","Yes; implied by kinetics.","No information","10.1523/JNEUROSCI.0297-11.2011","AG00108"
"Alpha-synuclein","Tau","Faster aggregation","Yes; implied by kinetics.","No information","10.1523/JNEUROSCI.0297-11.2011","AG00109"
"Rnq1","Sup35","Faster aggregation","Yes, direct evidence.","No","10.1038/s41598-017-05829-5","AG00110"
"IAPP","IAPP","Faster aggregation","Yes; implied by kinetics.","No information","10.1021/acsomega.6b00559","AG00111"
"Insulin","IAPP","Slower aggregation","Formation of fibrils by the interactee is inhibited","No","10.1016/j.jmb.2003.10.045","AG00112"
"Insulin","IAPP","Slower aggregation","Formation of fibrils by the interactee is inhibited","No information","10.1016/j.jmb.2003.10.045","AG00113"
"Insulin","IAPP","Faster aggregation","No","No information","10.1016/j.jmb.2003.10.045","AG00114"
"Insulin","IAPP","Faster aggregation","Yes; implied by kinetics.","No","10.1016/j.jmb.2003.10.045","AG00115"
"Amyloid beta","Tau","Faster aggregation","No","No","10.1186/s13195-019-0541-9","AG00116"
"Amyloid beta","Alpha-synuclein","No aggregation","No","No","10.1186/s13195-019-0541-9","AG00117"
"Rnq1","Sup35","Faster aggregation","Yes, direct evidence.","No","10.1074/jbc.M609269200","AG00118"
"Sup35","Rnq1","Faster aggregation","Yes, direct evidence.","No","10.1074/jbc.M609269200","AG00119"
"Amyloid beta","Amyloid beta","Slower aggregation","Formation of fibrils by the interactee is inhibited","Yes","10.1074/jbc.M803159200","AG00120"
"Amyloid beta","Amyloid beta","Faster aggregation","Yes; implied by kinetics.","No","10.1074/jbc.M803159200","AG00121"
"Amyloid beta","Amyloid beta","No aggregation","Formation of fibrils by the interactee is inhibited","Yes","10.1074/jbc.M803159200","AG00122"
"Amyloid beta","Amyloid beta","No effect","Yes; implied by kinetics.","Yes","10.1074/jbc.M803159200","AG00123"
"Amyloid beta","Tau","No information","Yes, direct evidence.","No information","10.1073/pnas.0509386103","AG00124"
"Tau","Amyloid beta","No information","Yes, direct evidence.","No information","10.1073/pnas.0509386103","AG00125"
"Tau","Amyloid beta","No information","Yes, direct evidence.","No information","10.1073/pnas.0509386103","AG00126"
"Alpha-lactalbumin","Amyloid beta","Slower aggregation","Formation of fibrils by the interactee is inhibited","No information","10.1074/jbc.M114.574947","AG00127"
"Albumin","Amyloid beta","Slower aggregation","Formation of fibrils by the interactee is inhibited","No information","10.1074/jbc.M114.574947","AG00128"
"Beta-lactoglobulin","Amyloid beta","Slower aggregation","Formation of fibrils by the interactee is inhibited","No information","10.1074/jbc.M114.574947","AG00129"
"Alpha-lactalbumin","Amyloid beta","No aggregation","Formation of fibrils by the interactee is inhibited","No","10.1074/jbc.M114.574947","AG00130"
"Albumin","Amyloid beta","No aggregation","Formation of fibrils by the interactee is inhibited","No","10.1074/jbc.M114.574947","AG00131"
"Lysozyme","Amyloid beta","Slower aggregation","Formation of fibrils by the interactee is inhibited","No information","10.1074/jbc.M114.574947","AG00132"
"PrP","PrP","Faster aggregation","Yes; implied by kinetics.","No","10.1016/S1097-2765(04)00155-8","AG00133"
"PrP","PrP","Faster aggregation","Yes; implied by kinetics.","No","10.1016/S1097-2765(04)00155-8","AG00134"
"PrP","PrP","Faster aggregation","Yes; implied by kinetics.","No","10.1016/S1097-2765(04)00155-8","AG00135"
"PrP","PrP","Faster aggregation","Yes; implied by kinetics.","No information","10.1016/S1097-2765(04)00155-8","AG00136"
"PrP","PrP","Faster aggregation","Yes; implied by kinetics.","No information","10.1016/S1097-2765(04)00155-8","AG00137"
"PrP","PrP","No effect","No","No information","10.1016/S1097-2765(04)00155-8","AG00138"
"PrP","PrP","No effect","No","No information","10.1016/S1097-2765(04)00155-8","AG00139"
"CsgA","SEVI","Faster aggregation","Yes; implied by kinetics.","No","10.7717/peerj.5","AG00140"
"PrP","PrP","Faster aggregation","Yes; implied by kinetics.","No information","10.1016/S1097-2765(04)00155-8","AG00141"
"PrP","PrP","No effect","No","No information","10.1016/S1097-2765(04)00155-8","AG00142"
"PrP","PrP","Faster aggregation","Yes; implied by kinetics.","No information","10.1016/S1097-2765(04)00155-8","AG00143"
"PrP","PrP","Faster aggregation","Yes; implied by kinetics.","No","10.1016/S1097-2765(04)00155-8","AG00144"
"PrP","PrP","No effect","No","No information","10.1016/S1097-2765(04)00155-8","AG00145"
"PrP","PrP","Faster aggregation","Yes; implied by kinetics.","No information","10.1016/S1097-2765(04)00155-8","AG00146"
"PrP","PrP","Faster aggregation","Yes; implied by kinetics.","No information","10.1016/S1097-2765(04)00155-8","AG00147"
"PrP","PrP","No effect","No","No information","10.1016/S1097-2765(04)00155-8","AG00148"
"PrP","PrP","Faster aggregation","Yes; implied by kinetics.","No information","10.1016/S1097-2765(04)00155-8","AG00149"
"PrP","PrP","No effect","No","No information","10.1016/S1097-2765(04)00155-8","AG00150"
"Insulin","IAPP","No effect","No","No information","10.1021/bi4015488","AG00151"
"Insulin","IAPP","No effect","No","No information","10.1021/bi4015488","AG00152"
"Insulin","IAPP","Slower aggregation","Formation of fibrils by the interactee is inhibited","No information","10.1021/bi4015488","AG00153"
"Insulin","IAPP","Slower aggregation","Formation of fibrils by the interactee is inhibited","No information","10.1021/bi4015488","AG00154"
"Insulin","IAPP","No effect","No","No information","10.1021/bi4015488","AG00155"
"Insulin","IAPP","Slower aggregation","Formation of fibrils by the interactee is inhibited","No information","10.1021/bi4015488","AG00156"
"Insulin","IAPP","No effect","No","No information","10.1021/bi4015488","AG00157"
"Alpha-synuclein","Alpha-synuclein","No aggregation","Formation of fibrils by the interactee is inhibited","No","10.1074/jbc.RA118.005603","AG00158"
"Alpha-synuclein","Alpha-synuclein","Faster aggregation","Yes; implied by kinetics.","Yes","10.1074/jbc.RA118.005603","AG00159"
"Alpha-synuclein","Alpha-synuclein","Faster aggregation","Yes; implied by kinetics.","Yes","10.1074/jbc.RA118.005603","AG00160"
"Alpha-synuclein","Alpha-synuclein","Faster aggregation","Yes; implied by kinetics.","Yes","10.1074/jbc.RA118.005603","AG00161"
"Alpha-synuclein","Alpha-synuclein","No information","Yes, direct evidence.","Yes","10.1074/jbc.RA118.005603","AG00162"
"Alpha-synuclein","Alpha-synuclein","No information","Yes, direct evidence.","Yes","10.1074/jbc.RA118.005603","AG00163"
"Albumin","Insulin","Faster aggregation","Yes; implied by kinetics.","Yes","10.1021/bi501333q","AG00164"
"Insulin","Albumin","Faster aggregation","Yes; implied by kinetics.","Yes","10.1021/bi501333q","AG00165"
"Lysozyme","Insulin","Faster aggregation","Yes; implied by kinetics.","Yes","10.1021/bi501333q","AG00166"
"Insulin","Lysozyme","Faster aggregation","Yes; implied by kinetics.","Yes","10.1021/bi501333q","AG00167"
"Albumin","Lysozyme","Faster aggregation","Yes; implied by kinetics.","Yes","10.1021/bi501333q","AG00168"
"Lysozyme","Albumin","Faster aggregation","Yes; implied by kinetics.","Yes","10.1021/bi501333q","AG00169"
"Albumin","Cytochrome C","Faster aggregation","Yes; implied by kinetics.","Yes","10.1021/bi501333q","AG00170"
"Alpha-synuclein","Amyloid beta","Slower aggregation","Formation of fibrils by the interactee is inhibited","No information","10.1073/pnas.1700239114","AG00171"
"Amyloid beta","Amyloid beta","Faster aggregation","Yes; implied by kinetics.","No information","10.1073/pnas.1700239114","AG00172"
"CsgB","SEVI","Faster aggregation","Yes; implied by kinetics.","No","10.7717/peerj.5","AG00173"
"CsgA","Amyloid beta","Faster aggregation","Yes; implied by kinetics.","No information","10.7717/peerj.5","AG00174"
"CsgB","Amyloid beta","Faster aggregation","Yes; implied by kinetics.","No information","10.7717/peerj.5","AG00175"
"CsgB","IAPP","Faster aggregation","Yes; implied by kinetics.","No information","10.7717/peerj.5","AG00176"
"Amyloid beta","Amyloid beta","No effect","No","No information","10.7717/peerj.5","AG00177"
"Amyloid beta","Amyloid beta","Faster aggregation","Yes; implied by kinetics.","No information","10.7717/peerj.5","AG00178"
"IAPP","IAPP","Slower aggregation","Yes; implied by kinetics.","Yes","10.1021/acsomega.6b00559","AG00179"
"IAPP","IAPP","Faster aggregation","Yes; implied by kinetics.","Yes","10.1021/acsomega.6b00559","AG00180"
"IAPP","IAPP","Faster aggregation","Yes; implied by kinetics.","Yes","10.1021/acsomega.6b00559","AG00181"
"Amyloid beta","Amyloid beta","Slower aggregation","Formation of fibrils by the interactee is inhibited","Yes","10.1016/j.jmb.2007.04.014","AG00182"
"Insulin","Amyloid beta","Faster aggregation","Yes; implied by kinetics.","No information","10.1021/acschemneuro.5b00325","AG00183"
"Amyloid beta","Insulin","Faster aggregation","Yes; implied by kinetics.","No information","10.1021/acschemneuro.5b00325","AG00184"
"Insulin","Amyloid beta","Slower aggregation","Formation of fibrils by the interactee is inhibited","No information","10.1021/acschemneuro.5b00325","AG00185"
"Alpha-synuclein","Tau","Faster aggregation","Yes, direct evidence.","No information","10.1126/science.1082324","AG00186"
"Tau","Alpha-synuclein","Faster aggregation","Yes, direct evidence.","No information","10.1126/science.1082324","AG00187"
"Alpha-synuclein","Tau","No aggregation","Yes, direct evidence.","No","10.1126/science.1082324","AG00188"
"Tau","Amyloid beta","Slower aggregation","Yes, direct evidence.","No information","10.1126/science.1082324","AG00189"
"Albumin","Albumin","Faster aggregation","Yes; implied by kinetics.","No","10.1021/bi501333q","AG00190"
"Lysozyme","Lysozyme","Faster aggregation","Yes; implied by kinetics.","No","10.1021/bi501333q","AG00191"
"Insulin","Insulin","Faster aggregation","Yes; implied by kinetics.","No","10.1021/bi501333q","AG00192"
"Alpha-synuclein","Amyloid beta","Faster aggregation","Yes; implied by kinetics.","No information","10.1073/pnas.1700239114","AG00193"
"Amyloid beta","Amyloid beta","Faster aggregation","Yes; implied by kinetics.","No information","10.1016/j.febslet.2013.02.008","AG00194"
"Amyloid beta","Amyloid beta","Slower aggregation","Formation of fibrils by the interactee is inhibited","Yes","10.1016/j.febslet.2013.02.008","AG00195"
"Rnq1","Sup35","Faster aggregation","Yes, direct evidence.","No information","10.1074/jbc.M410150200","AG00196"
"Sup35","Sup35","Faster aggregation","Yes; implied by kinetics.","No","10.1074/jbc.M410150200","AG00197"
"CsgB","Amyloid beta","Slower aggregation","Formation of fibrils by the interactee is inhibited","No information","10.7717/peerj.5","AG00198"
"CsgB","Amyloid beta","Faster aggregation","Yes; implied by kinetics.","No information","10.7717/peerj.5","AG00199"
"CsgA","IAPP","Faster aggregation","Yes; implied by kinetics.","No information","10.7717/peerj.5","AG00200"
"CsgA","IAPP","Faster aggregation","Yes; implied by kinetics.","No information","10.7717/peerj.5","AG00201"
"CsgA","IAPP","Faster aggregation","Yes; implied by kinetics.","No information","10.7717/peerj.5","AG00202"
"S100A9","Amyloid beta","Faster aggregation","Yes; implied by kinetics.","Yes","10.1039/c3ra43665a","AG00203"
"Alpha-synuclein","PrP","Slower aggregation","Formation of fibrils by the interactee is inhibited","No","10.1016/j.bbrc.2019.10.120","AG00204"
"New1","New1","Faster aggregation","Yes; implied by kinetics.","No","10.1111/j.1365-2443.2011.01510.x","AG00205"
"Sup35","New1","No effect","No","No","10.1111/j.1365-2443.2011.01510.x","AG00206"
"New1","Sup35","Faster aggregation","Yes; implied by kinetics.","Yes","10.1111/j.1365-2443.2011.01510.x","AG00207"
"Amyloid beta","Insulin","Faster aggregation","Yes; implied by kinetics.","Yes","10.1007/s12274-018-1995-y","AG00208"
"Amyloid beta","Amyloid beta","Slower aggregation","Formation of fibrils by the interactee is inhibited","No","10.1016/j.ijms.2018.02.002","AG00209"
"Amyloid beta","Amyloid beta","Faster aggregation","Yes; implied by kinetics.","Yes","10.1016/j.ijms.2018.02.002","AG00210"
"Amyloid beta","Amyloid beta","Faster aggregation","Yes; implied by kinetics.","Yes","10.1038/s41598-020-80164-w","AG00211"
"Amyloid beta","Amyloid beta","Slower aggregation","Formation of fibrils by the interactee is inhibited","Yes","10.1038/s41598-020-80164-w","AG00212"
"IAPP","Tau","Faster aggregation","Yes, direct evidence.","Yes","10.1021/acschemneuro.9b00516","AG00213"
"Amyloid beta","Amyloid beta","No effect","Yes; implied by kinetics.","Yes","10.1002/anie.201704618","AG00214"
"Amyloid beta","Amyloid beta","Faster aggregation","Yes; implied by kinetics.","Yes","10.1002/anie.201704618","AG00215"
"Amyloid beta","Amyloid beta","Slower aggregation","Formation of fibrils by the interactee is inhibited","No","10.1002/anie.201704618","AG00216"
"Amyloid beta","Amyloid beta","Slower aggregation","Formation of fibrils by the interactee is inhibited","No","10.1002/anie.201704618","AG00217"
"Amyloid beta","Amyloid beta","No effect","Yes; implied by kinetics.","No","10.1002/anie.201704618","AG00218"
"IAPP","Amyloid beta","No information","Yes, direct evidence.","Yes","10.1039/C7CP08552D","AG00219"
"CsgB","CsgA","Faster aggregation","Yes; implied by kinetics.","No","10.1073/pnas.0703310104","AG00220"
"IAPP","CsgA","No effect","No information","No information","10.1073/pnas.0703310104","AG00221"
"IAPP","Alpha-synuclein","No aggregation","Formation of fibrils by the interactee is inhibited","No","10.1038/s41598-020-77409-z","AG00222"
"Alpha-synuclein","IAPP","No aggregation","Formation of fibrils by the interactee is inhibited","No","10.1038/s41598-020-77409-z","AG00223"
"Amyloid beta","Tau","No effect","No","No","10.1186/s13195-019-0541-9","AG00224"
"PrP","PrP","Faster aggregation","Yes; implied by kinetics.","No","10.3390/ijms21197410","AG00225"
"Amyloid beta","Amyloid beta","Faster aggregation","Yes; implied by kinetics.","No","10.1111/j.1471-4159.2012.07847.x","AG00226"
"Amyloid beta","Amyloid beta","Faster aggregation","Yes; implied by kinetics.","No","10.1111/j.1471-4159.2012.07847.x","AG00227"
"Alpha-synuclein","Amyloid beta","Faster aggregation","Yes; implied by kinetics.","No","10.1111/j.1471-4159.2012.07847.x","AG00228"
"Amyloid beta","Amyloid beta","Faster aggregation","Yes; implied by kinetics.","No","10.1111/j.1471-4159.2012.07847.x","AG00229"
"Amyloid beta","Amyloid beta","Faster aggregation","Yes; implied by kinetics.","No","10.1111/j.1471-4159.2012.07847.x","AG00230"
"Alpha-synuclein","Amyloid beta","Faster aggregation","Yes; implied by kinetics.","No","10.1111/j.1471-4159.2012.07847.x","AG00231"
"Amyloid beta","Amyloid beta","Faster aggregation","Yes; implied by kinetics.",NA,"10.1111/j.1471-4159.2012.07847.x","AG00232"
"Alpha-synuclein","Amyloid beta","Faster aggregation","Yes; implied by kinetics.",NA,"10.1111/j.1471-4159.2012.07847.x","AG00233"
"Amyloid beta","Alpha-synuclein","Faster aggregation","Yes; implied by kinetics.","No","10.1111/j.1471-4159.2012.07847.x","AG00234"
"Amyloid beta","Alpha-synuclein","Faster aggregation","Yes; implied by kinetics.","No","10.1111/j.1471-4159.2012.07847.x","AG00235"
"Alpha-synuclein","Alpha-synuclein","Faster aggregation","Yes; implied by kinetics.",NA,"10.1111/j.1471-4159.2012.07847.x","AG00236"
"Amyloid beta","Alpha-synuclein","Faster aggregation","Yes; implied by kinetics.","No","10.1111/j.1471-4159.2012.07847.x","AG00237"
"Amyloid beta","Alpha-synuclein","Faster aggregation","Yes; implied by kinetics.","No","10.1111/j.1471-4159.2012.07847.x","AG00238"
"Alpha-synuclein","Alpha-synuclein","Faster aggregation","Yes; implied by kinetics.",NA,"10.1111/j.1471-4159.2012.07847.x","AG00239"
"Amyloid beta","IAPP","No effect","Yes, direct evidence.","No","10.1002/jms.4643","AG00240"
"IAPP","IAPP","Faster aggregation","Yes; implied by kinetics.","No","10.1002/jms.4643","AG00241"
"IAPP","Amyloid beta","Faster aggregation","Yes; implied by kinetics.","No","10.1002/jms.4643","AG00242"
"IAPP","IAPP","Faster aggregation","Yes; implied by kinetics.","No","10.1002/jms.4643","AG00243"
"Lysozyme","Lysozyme","Faster aggregation","Yes; implied by kinetics.","No","10.3389/fmolb.2020.00206","AG00244"
"Lysozyme","Lysozyme","Faster aggregation","Yes; implied by kinetics.","No","10.3389/fmolb.2020.00206","AG00245"
"Lysozyme","Lysozyme","Faster aggregation","Yes; implied by kinetics.","No information","10.3389/fmolb.2020.00206","AG00246"
"Lysozyme","Lysozyme","Faster aggregation","Yes; implied by kinetics.","No information","10.3389/fmolb.2020.00206","AG00247"
"Lysozyme","Lysozyme","Faster aggregation","Yes; implied by kinetics.","No","10.3389/fmolb.2020.00206","AG00248"
"Lysozyme","Lysozyme","Faster aggregation","Yes; implied by kinetics.","No","10.3389/fmolb.2020.00206","AG00249"
"Lysozyme","Lysozyme","Faster aggregation","Yes; implied by kinetics.","No","10.3389/fmolb.2020.00206","AG00250"
"Lysozyme","Lysozyme","Faster aggregation","Yes; implied by kinetics.","Yes","10.3389/fmolb.2020.00206","AG00251"
"Lysozyme","Lysozyme","Faster aggregation","Yes; implied by kinetics.","No","10.3389/fmolb.2020.00206","AG00252"
"Lysozyme","Lysozyme","Faster aggregation","Yes; implied by kinetics.","No information","10.3389/fmolb.2020.00206","AG00253"
"Lysozyme","Lysozyme","Faster aggregation","Yes; implied by kinetics.","No","10.3389/fmolb.2020.00206","AG00254"
"Lysozyme","Lysozyme","Faster aggregation","Yes; implied by kinetics.","No information","10.3389/fmolb.2020.00206","AG00255"
"Lysozyme","Lysozyme","Faster aggregation","Yes; implied by kinetics.","No","10.3389/fmolb.2020.00206","AG00256"
"Lysozyme","Lysozyme","Faster aggregation","Yes; implied by kinetics.","No information","10.3389/fmolb.2020.00206","AG00257"
"Lysozyme","Lysozyme","Faster aggregation","Yes; implied by kinetics.","No","10.3389/fmolb.2020.00206","AG00258"
"Lysozyme","Lysozyme","Faster aggregation","Yes; implied by kinetics.","No","10.3389/fmolb.2020.00206","AG00259"
"Lysozyme","Lysozyme","No aggregation","Formation of fibrils by the interactee is inhibited","No","10.3389/fmolb.2020.00206","AG00260"
"Lysozyme","Lysozyme","No aggregation","Formation of fibrils by the interactee is inhibited","No","10.3389/fmolb.2020.00206","AG00261"
"Lysozyme","Lysozyme","No aggregation","Formation of fibrils by the interactee is inhibited","No","10.3389/fmolb.2020.00206","AG00262"
"Amyloid beta","Amyloid beta","Faster aggregation","Yes; implied by kinetics.","No","10.1021/jacs.5b07849","AG00263"
"Amyloid beta","Amyloid beta","Faster aggregation","Yes; implied by kinetics.","No","10.1021/jacs.5b07849","AG00264"
"Amyloid beta","Amyloid beta","Faster aggregation","Yes; implied by kinetics.","No","10.1021/jacs.5b07849","AG00265"
"Amyloid beta","Amyloid beta","Faster aggregation","Yes; implied by kinetics.","Yes","10.1021/jacs.5b07849","AG00266"
"Amyloid beta","Amyloid beta","Faster aggregation","Yes; implied by kinetics.","Yes","10.1021/jacs.5b07849","AG00267"
"Amyloid beta","Amyloid beta","Faster aggregation","Yes; implied by kinetics.","Yes","10.1021/jacs.5b07849","AG00268"
"Amyloid beta","Amyloid beta","Faster aggregation","Yes; implied by kinetics.","Yes","10.1021/jacs.5b07849","AG00269"
"Amyloid beta","Amyloid beta","Faster aggregation","Yes; implied by kinetics.","No information","10.1021/jacs.5b07849","AG00270"
"Amyloid beta","Amyloid beta","Faster aggregation","Yes; implied by kinetics.","No information","10.1021/jacs.5b07849","AG00271"
"Amyloid beta","Amyloid beta","Faster aggregation","Yes; implied by kinetics.","Yes","10.1021/jacs.5b07849","AG00272"
"Amyloid beta","Amyloid beta","Faster aggregation","Yes; implied by kinetics.","No information","10.1021/jacs.5b07849","AG00273"
"Amyloid beta","Amyloid beta","Faster aggregation","Yes; implied by kinetics.","No information","10.1021/jacs.5b07849","AG00274"
"Alpha-synuclein","Tau","Faster aggregation","Yes; implied by kinetics.","Yes","10.1074/jbc.RA119.012284","AG00275"
"Alpha-synuclein","Tau","Faster aggregation","Yes; implied by kinetics.","Yes","10.1074/jbc.RA119.012284","AG00276"
"Tau","Alpha-synuclein","Faster aggregation","Yes; implied by kinetics.","Yes","10.1074/jbc.RA119.012284","AG00277"
"Tau","Alpha-synuclein","Faster aggregation","Yes; implied by kinetics.","Yes","10.1074/jbc.RA119.012284","AG00278"
"Alpha-synuclein","Tau","Faster aggregation","Yes; implied by kinetics.","No information","10.1074/jbc.RA119.012284","AG00279"
"Alpha-synuclein","Tau","Faster aggregation","Yes; implied by kinetics.","No information","10.1074/jbc.RA119.012284","AG00280"
"Alpha-synuclein","S100A9","Faster aggregation","Yes; implied by kinetics.","Yes","10.1186/s12974-018-1210-9","AG00281"
"S100A9","Alpha-synuclein","Faster aggregation","Yes; implied by kinetics.","Yes","10.1186/s12974-018-1210-9","AG00282"
"Cystatin C","Amyloid beta","Slower aggregation","Formation of fibrils by the interactee is inhibited","No information","10.1074/jbc.M117.786558","AG00283"
"Cystatin C","Amyloid beta","No aggregation","Formation of fibrils by the interactee is inhibited","No information","10.1074/jbc.M117.786558","AG00284"
"IAPP","IAPP","No aggregation","No information","No information","10.1021/acs.biochem.7b00739","AG00285"
"IAPP","IAPP","No aggregation","Formation of fibrils by the interactee is inhibited","No","10.1021/acs.biochem.7b00739","AG00286"
"IAPP","IAPP","No aggregation","Formation of fibrils by the interactee is inhibited","No","10.1021/acs.biochem.7b00739","AG00287"
"Alpha-synuclein","PrP","No effect","No","No","10.1016/j.bbrc.2019.10.120","AG00288"
"PrP","Amyloid beta","No aggregation","Formation of fibrils by the interactee is inhibited","No","10.1021/cn500019c","AG00289"
"Amyloid beta","Amyloid beta","Faster aggregation","Yes; implied by kinetics.","No","10.1021/cn500019c","AG00290"
"PrP","Amyloid beta","Slower aggregation","Formation of fibrils by the interactee is inhibited","No","10.1021/cn500019c","AG00291"
"Amyloid beta","Amyloid beta","No aggregation","Formation of fibrils by the interactee is inhibited","No","10.1523/JNEUROSCI.4849-06.2007","AG00292"
"Sup35","Sup35","Faster aggregation","Yes; implied by kinetics.","No","10.1016/j.colsurfb.2016.10.011","AG00293"
"Sup35","Insulin","Slower aggregation","Formation of fibrils by the interactee is inhibited","No information","10.1016/j.colsurfb.2016.10.011","AG00294"
"Sup35","Albumin","Slower aggregation","Formation of fibrils by the interactee is inhibited","No information","10.1016/j.colsurfb.2016.10.011","AG00295"
"Sup35","Insulin","Faster aggregation","Yes; implied by kinetics.","No","10.1016/j.colsurfb.2016.10.011","AG00296"
"Sup35","Lysozyme","Slower aggregation","Formation of fibrils by the interactee is inhibited","No information","10.1016/j.colsurfb.2016.10.011","AG00297"
"PrP","Amyloid beta","Slower aggregation","Formation of fibrils by the interactee is inhibited","No","10.1074/jbc.M112.423954","AG00298"
"PrP","Amyloid beta","No effect","No","No","10.1074/jbc.M112.423954","AG00299"
"Amyloid beta","Alpha-synuclein","Faster aggregation","Yes, direct evidence.","No information","10.1073/pnas.211412398","AG00300"
"Amyloid beta","Alpha-synuclein","No effect","No","No information","10.1073/pnas.211412398","AG00301"
"Alpha-crystallin","Amyloid beta","Slower aggregation","Formation of fibrils by the interactee is inhibited","No","10.1023/B:MCBI.0000049373.15558.b8","AG00302"
"Alpha-crystallin","Amyloid beta","Slower aggregation","Formation of fibrils by the interactee is inhibited","No","10.1023/B:MCBI.0000049373.15558.b8","AG00303"
"Alpha-crystallin","Amyloid beta","No aggregation","Formation of fibrils by the interactee is inhibited","No","10.1023/B:MCBI.0000049373.15558.b8","AG00304"
"Alpha-crystallin","Amyloid beta","No aggregation","Formation of fibrils by the interactee is inhibited","No","10.1023/B:MCBI.0000049373.15558.b8","AG00305"
"Kappa-casein","Beta-lactoglobulin","Slower aggregation","Formation of fibrils by the interactee is inhibited","Yes","10.1002/smll.201603591","AG00306"
"Beta-lactoglobulin","Kappa-casein","Slower aggregation","Formation of fibrils by the interactee is inhibited","Yes","10.1002/smll.201603591","AG00307"
"Tau","Amyloid beta","Slower aggregation","No information","Yes","10.1093/jb/mvaa101","AG00308"
"Alpha-synuclein","Alpha-synuclein","Faster aggregation","Yes, direct evidence.","No","10.1074/jbc.M508623200","AG00309"
"GroES","Alpha-synuclein","Faster aggregation","Yes, direct evidence.","Yes","10.1074/jbc.M508623200","AG00310"
"Transthyretin","Transthyretin","No effect","No","No","10.1155/2008/429274","AG00311"
"IAPP","Transthyretin","Faster aggregation","Yes; implied by kinetics.","No information","10.1155/2008/429274","AG00312"
"Transthyretin","IAPP","No effect","No","No","10.1155/2008/429274","AG00313"
"IAPP","IAPP","Faster aggregation","Yes; implied by kinetics.","No","10.1155/2008/429274","AG00314"
"Alpha-crystallin","Alpha-synuclein","Slower aggregation","Formation of fibrils by the interactee is inhibited","No information","10.1016/j.jmb.2004.05.054","AG00315"
"Alpha-crystallin","Alpha-synuclein","Slower aggregation","Formation of fibrils by the interactee is inhibited","No information","10.1016/j.jmb.2004.05.054","AG00316"
"Alpha-crystallin","Alpha-synuclein","Slower aggregation","Formation of fibrils by the interactee is inhibited","No information","10.1016/j.jmb.2004.05.054","AG00317"
"Amyloid beta","Amyloid beta","Faster aggregation","Yes; implied by kinetics.","Yes","10.1039/C6SC04797A","AG00318"
"Amyloid beta","Amyloid beta","Faster aggregation","Yes; implied by kinetics.","Yes","10.1039/C6SC04797A","AG00319"
"Amyloid beta","Amyloid beta","Faster aggregation","Yes; implied by kinetics.","No information","10.1039/C6SC04797A","AG00320"
"Amyloid beta","Amyloid beta","Slower aggregation","Formation of fibrils by the interactee is inhibited","No information","10.1039/C6SC04797A","AG00321"
"Amyloid beta","Amyloid beta","Faster aggregation","Yes; implied by kinetics.","No information","10.1039/C6SC04797A","AG00322"
"Amyloid beta","Amyloid beta","No information","Yes, direct evidence.","No information","10.1016/j.jmb.2018.05.001","AG00323"
"Amyloid beta","Amyloid beta","No information","No","No information","10.1016/j.jmb.2018.05.001","AG00324"
"Amyloid beta","Amyloid beta","Faster aggregation","Yes; implied by kinetics.","No","10.1016/j.jmb.2018.05.001","AG00325"
"Amyloid beta","Amyloid beta","Faster aggregation","No","No information","10.1016/j.jmb.2018.05.001","AG00326"
"Amyloid beta","Amyloid beta","Faster aggregation","Yes; implied by kinetics.","No","10.1016/j.jmb.2018.05.001","AG00327"
"Amyloid beta","Amyloid beta","Faster aggregation","Yes; implied by kinetics.","No information","10.1016/j.jmb.2018.05.001","AG00328"
"Beta-parvalbumin","Alpha-synuclein","No effect","No information","No information","s41598-018-23850-0","AG00329"
"Beta-parvalbumin","Alpha-synuclein","No aggregation","Formation of fibrils by the interactee is inhibited","No","s41598-018-23850-0","AG00330"
"Insulin","IAPP","No aggregation","Formation of fibrils by the interactee is inhibited","No information","10.1002/anie.200602034","AG00331"
"Insulin","IAPP","No aggregation","Formation of fibrils by the interactee is inhibited","No information","10.1002/anie.200602034","AG00332"
"Insulin","IAPP","No aggregation","Formation of fibrils by the interactee is inhibited","No information","10.1002/anie.200602034","AG00333"
"Insulin","IAPP","Faster aggregation","Yes; implied by kinetics.","No information","10.1002/anie.200602034","AG00334"
"Insulin","IAPP","No aggregation","Formation of fibrils by the interactee is inhibited","No information","10.1002/anie.200602034","AG00335"
"Insulin","IAPP","No aggregation","Formation of fibrils by the interactee is inhibited","No information","10.1002/anie.200602034","AG00336"
"Insulin","IAPP","No aggregation","Formation of fibrils by the interactee is inhibited","No information","10.1002/anie.200602034","AG00337"
"Alpha-synuclein","Alpha-synuclein","Faster aggregation","Yes; implied by kinetics.","No information","10.1017/S0033583516000172","AG00338"
"Transthyretin","Amyloid beta","Slower aggregation","Formation of fibrils by the interactee is inhibited","No information","10.1021/acs.jmedchem.9b01970","AG00339"
"Amyloid beta","Amyloid beta","Faster aggregation","Yes; implied by kinetics.","No information","10.1074/jbc.M111.264473","AG00340"
"Amyloid beta","Amyloid beta","Slower aggregation","Yes; implied by kinetics.","No information","10.1074/jbc.M111.264473","AG00341"
"Amyloid beta","Amyloid beta","Faster aggregation","Yes; implied by kinetics.","No information","10.1074/jbc.M111.264473","AG00342"
"Amyloid beta","Amyloid beta","Faster aggregation","Yes; implied by kinetics.","No information","10.1074/jbc.M111.264473","AG00343"
"Amyloid beta","Amyloid beta","Faster aggregation","Yes; implied by kinetics.","No information","10.1074/jbc.M111.264473","AG00344"
"Amyloid beta",NA,"Faster aggregation","Yes; implied by kinetics.","No information","10.1074/jbc.M111.264473","AG00345"
"Amyloid beta","Amyloid beta","Faster aggregation","Yes; implied by kinetics.","No information","10.1074/jbc.M111.264473","AG00346"
"Amyloid beta","Amyloid beta","Faster aggregation","Yes; implied by kinetics.","No information","10.1074/jbc.M111.264473","AG00347"
"Amyloid beta","Amyloid beta","Faster aggregation","Yes; implied by kinetics.","No","10.1039/C4SC02517B","AG00348"
"Amyloid beta","Amyloid beta","No effect","Yes; implied by kinetics.","No","10.1039/C4SC02517B","AG00349"
"Amyloid beta","Amyloid beta","Faster aggregation","Yes; implied by kinetics.","No","10.1039/C4SC02517B","AG00350"
"Amyloid beta","Amyloid beta","Faster aggregation","Yes; implied by kinetics.","No","10.1039/C4SC02517B","AG00351"
"Amyloid beta","Tau","Faster aggregation","Yes; implied by kinetics.","No information","10.7554/eLife.46924","AG00352"
"Tau","Tau","Faster aggregation","Yes; implied by kinetics.","No information","10.7554/eLife.46924","AG00353"
"Amyloid beta","Tau","Faster aggregation","Yes; implied by kinetics.","No information","10.7554/eLife.46924","AG00354"
"Amyloid beta","Amyloid beta","Faster aggregation","Yes; implied by kinetics.","No information","10.7554/eLife.46924","AG00355"
"Tau","Amyloid beta","Slower aggregation","Yes; implied by kinetics.","No information","10.7554/eLife.46924","AG00356"
"Amyloid beta","Alpha-synuclein","Faster aggregation","Yes; implied by kinetics.","No information","10.3390/molecules25030580","AG00357"
"Amyloid beta","Alpha-synuclein","Faster aggregation","Yes; implied by kinetics.","No information","10.3390/molecules25030580","AG00358"
"Amyloid beta","Alpha-synuclein","Faster aggregation","Yes; implied by kinetics.","Yes","10.3390/molecules25030580","AG00359"
"Amyloid beta","Alpha-synuclein","Faster aggregation","Yes; implied by kinetics.","Yes","10.3390/molecules25030580","AG00360"
"Amyloid beta","IAPP","Faster aggregation","Yes; implied by kinetics.","No","10.1021/acschemneuro.5b00192","AG00361"
"IAPP","Amyloid beta","Faster aggregation","Yes; implied by kinetics.","No","10.1021/acschemneuro.5b00192","AG00362"
"Serum amyloid A","Serum amyloid A","Faster aggregation","Yes; implied by kinetics.","No information","10.3109/13506129.2011.630761Â ","AG00363"
"Medin","Serum amyloid A","Faster aggregation","Yes; implied by kinetics.","No information","10.3109/13506129.2011.630761","AG00364"
"Serum amyloid A","Medin","No effect","No","No information","10.3109/13506129.2011.630761","AG00365"
"Medin","Medin","Faster aggregation","No information","No information","10.3109/13506129.2011.630761","AG00366"
"Alpha-synuclein","Pmel17","Faster aggregation","Yes, direct evidence.","Yes","10.1073/pnas.2009702117","AG00367"
"Pmel17","Alpha-synuclein","No effect","Yes; implied by kinetics.","No information","10.1073/pnas.2009702117","AG00368"
"Pmel17","Pmel17","Faster aggregation","Yes; implied by kinetics.","No","10.1073/pnas.2009702117","AG00369"
"Alpha-synuclein","Alpha-synuclein","Faster aggregation","Yes; implied by kinetics.","No information","10.1074/jbc.M501508200","AG00370"
"Alpha-synuclein","Alpha-synuclein","Faster aggregation","Yes; implied by kinetics.","No information","10.1074/jbc.M501508200","AG00371"
"Alpha-synuclein","Alpha-synuclein","Faster aggregation","Yes; implied by kinetics.","No information","10.1074/jbc.M501508200","AG00372"
"Alpha-synuclein","Alpha-synuclein","Faster aggregation","Yes; implied by kinetics.","No information","10.1074/jbc.M501508200","AG00373"
"Tau","Amyloid beta","Slower aggregation","Formation of fibrils by the interactee is inhibited","No","10.1021/jacs.7b13623","AG00374"
"IAPP","IAPP","Slower aggregation","Formation of fibrils by the interactee is inhibited","No","10.1002/anie.201302840","AG00375"
"IAPP","IAPP","Slower aggregation","Formation of fibrils by the interactee is inhibited","No","10.1002/anie.201302840","AG00376"
"Lysozyme","Amyloid beta","No aggregation","Formation of fibrils by the interactee is inhibited","No","10.1039/C3CC42325E","AG00377"
"Albumin","Amyloid beta","No effect","No","No","10.1016/J.BPJ.2009.08.028","AG00378"
"Albumin","Amyloid beta","No effect","No","No","10.1016/J.BPJ.2009.08.028","AG00379"
"Amyloid beta","Amyloid beta","No aggregation","Formation of fibrils by the interactee is inhibited","No","10.1021/ja8092604","AG00380"
"Albumin","Amyloid beta","No effect","No","No","10.1016/J.BPJ.2009.08.028","AG00381"
"Albumin","Amyloid beta","Slower aggregation","Formation of fibrils by the interactee is inhibited","Yes","10.1016/J.BPJ.2009.08.028","AG00382"
"Alpha-crystallin","Amyloid beta","No aggregation","Formation of fibrils by the interactee is inhibited","No","10.1021/bi701823g","AG00383"
"Alpha-crystallin","Insulin","No aggregation","Formation of fibrils by the interactee is inhibited","No","10.1021/bi701823g","AG00384"
"Alpha-crystallin","Insulin","Faster aggregation","Yes; implied by kinetics.","No information","10.1021/bi701823g","AG00385"
"Alpha-crystallin","Insulin","Faster aggregation","Yes; implied by kinetics.","No information","10.1021/bi701823g","AG00386"
"Alpha-crystallin","Insulin","Faster aggregation","Yes; implied by kinetics.","No information","10.1021/bi701823g","AG00387"
"Lysozyme","Amyloid beta","Slower aggregation","Yes; implied by kinetics.","No information","10.1016/j.nbd.2015.08.024","AG00388"
"Lysozyme","Amyloid beta","No aggregation","Formation of fibrils by the interactee is inhibited","No","10.1016/j.nbd.2015.08.024","AG00389"
"Amyloid beta","S100A9","Faster aggregation","Yes; implied by kinetics.","Yes","10.1007/s00401-013-1208-4","AG00390"
"S100A9","Amyloid beta","Faster aggregation","Yes; implied by kinetics.","Yes","10.1007/s00401-013-1208-4","AG00391"
"Amyloid beta","S100A9","Faster aggregation","Yes; implied by kinetics.","Yes","10.1007/s00401-013-1208-4","AG00392"
"S100A9","Amyloid beta","Faster aggregation","Yes; implied by kinetics.","Yes","10.1007/s00401-013-1208-4","AG00393"
"Amyloid beta","Amyloid beta","Faster aggregation","Yes; implied by kinetics.","No information","10.1038/nature11060","AG00394"
"Beta2-microglobulin","Beta2-microglobulin","Slower aggregation","No","No information","10.1016/j.molcel.2014.05.026","AG00395"
"Beta2-microglobulin","Beta2-microglobulin","No aggregation","Formation of fibrils by the interactee is inhibited","No","10.1016/j.molcel.2014.05.026","AG00396"
"Beta2-microglobulin","Beta2-microglobulin","Slower aggregation","No information","No information","10.1016/j.molcel.2014.05.026","AG00397"
"Beta2-microglobulin","Beta2-microglobulin","Slower aggregation","No information","No information","10.1016/j.molcel.2014.05.026","AG00398"
"Beta2-microglobulin","Beta2-microglobulin","Faster aggregation","No information","No information","10.1016/j.molcel.2014.05.026","AG00399"
"Transthyretin","Amyloid beta","No aggregation","Formation of fibrils by the interactee is inhibited","No","10.1016/j.clinbiochem.2005.08.007","AG00400"
"Transthyretin","Amyloid beta","Slower aggregation","Formation of fibrils by the interactee is inhibited","No information","10.1021/acs.biomac.9b01475","AG00401"
"Transthyretin","Amyloid beta","Slower aggregation","Formation of fibrils by the interactee is inhibited","No","10.1021/acs.biomac.9b01475","AG00402"
"Apolipoprotein A-I","Amyloid beta","Slower aggregation","No information","No information","10.1016/j.biocel.2008.12.003","AG00403"
"Apolipoprotein A-I","Amyloid beta","No aggregation","Formation of fibrils by the interactee is inhibited","No","10.1016/j.biocel.2008.12.003","AG00404"
"Amyloid beta","Amyloid beta","Faster aggregation","Yes; implied by kinetics.","No","10.1016/j.bbadis.2014.01.002","AG00405"
"IAPP","Amyloid beta","Faster aggregation","Yes; implied by kinetics.","No","10.1016/j.bbadis.2014.01.002","AG00406"
"Sericin","Amyloid beta","Faster aggregation","Yes; implied by kinetics.","No","10.1016/j.bbadis.2014.01.002","AG00407"
"Amyloid beta","Amyloid beta","Faster aggregation","Yes; implied by kinetics.","No","10.1016/j.bbadis.2014.01.002","AG00408"
"IAPP","Amyloid beta","Faster aggregation","Yes; implied by kinetics.","No","10.1016/j.bbadis.2014.01.002","AG00409"
"Sericin","Amyloid beta","Faster aggregation","Yes; implied by kinetics.","No","10.1016/j.bbadis.2014.01.002","AG00410"
"Alpha-synuclein","Amyloid beta","No aggregation","Formation of fibrils by the interactee is inhibited","No","10.1021/acs.biochem.9b00655","AG00411"
"Alpha-synuclein","Amyloid beta","Faster aggregation","Yes; implied by kinetics.","No","10.1021/acs.biochem.9b00655","AG00412"
"Alpha-synuclein","Amyloid beta","Faster aggregation","Yes; implied by kinetics.","No","10.1021/acs.biochem.9b00655","AG00413"
"Alpha-synuclein","Amyloid beta","Faster aggregation","Yes; implied by kinetics.","No information","10.1021/acs.biochem.9b00655","AG00414"
"Apolipoprotein A-I","Amyloid beta","No aggregation","Formation of fibrils by the interactee is inhibited","No information","10.1021/bi002186k","AG00415"
"Tau","Tau","Faster aggregation","Yes; implied by kinetics.","No","10.1371/journal.pone.0201182","AG00416"
"Tau","Tau","Faster aggregation","Yes; implied by kinetics.","No information","10.1371/journal.pone.0201182","AG00417"
"Tau","Tau","Faster aggregation","Yes; implied by kinetics.","No information","10.1371/journal.pone.0201182","AG00418"
"Alpha-synuclein","Alpha-synuclein","Faster aggregation","Yes; implied by kinetics.","No","10.1016/j.celrep.2016.08.053","AG00419"
"Alpha-synuclein","Alpha-synuclein","No effect","No information","No information","10.1016/j.celrep.2016.08.053","AG00420"
"Alpha-synuclein","Alpha-synuclein","Faster aggregation","Yes; implied by kinetics.","No information","10.1016/j.celrep.2016.08.053","AG00421"
"Alpha-synuclein","Alpha-synuclein","Faster aggregation","Yes; implied by kinetics.","No information","10.1016/j.celrep.2016.08.053","AG00422"
"Alpha-synuclein","Alpha-synuclein","Faster aggregation","Yes; implied by kinetics.","No information","10.1016/j.celrep.2016.08.053","AG00423"
"Alpha-synuclein","Alpha-synuclein","Faster aggregation","Yes; implied by kinetics.","No information","10.1016/j.celrep.2016.08.053","AG00424"
"Alpha-synuclein","Alpha-synuclein","Faster aggregation","Yes; implied by kinetics.","No information","10.1016/j.celrep.2016.08.053","AG00425"
"Alpha-synuclein","Alpha-synuclein","Faster aggregation","Yes; implied by kinetics.","No information","10.1016/j.celrep.2016.08.053","AG00426"
"Alpha-synuclein","Alpha-synuclein","No effect","No information","No information","10.1016/j.celrep.2016.08.053","AG00427"
"Alpha-synuclein","Alpha-synuclein","Faster aggregation","Yes; implied by kinetics.","No","10.1016/j.celrep.2016.08.053","AG00428"
"Alpha-synuclein","Alpha-synuclein","Faster aggregation","Yes; implied by kinetics.","No information","10.1016/j.celrep.2016.08.053","AG00429"
"Alpha-synuclein","Alpha-synuclein","Faster aggregation","Yes; implied by kinetics.","No information","10.1016/j.celrep.2016.08.053","AG00430"
"Alpha-synuclein","Alpha-synuclein","No effect","No information","No information","10.1016/j.celrep.2016.08.053","AG00431"
"Alpha-synuclein","Alpha-synuclein","No effect","No information","No information","10.1016/j.celrep.2016.08.053","AG00432"
"Alpha-synuclein","Alpha-synuclein","Faster aggregation","Yes; implied by kinetics.","No information","10.1016/j.celrep.2016.08.053","AG00433"
"Alpha-synuclein","Alpha-synuclein","Faster aggregation","Yes; implied by kinetics.","No information","10.1016/j.celrep.2016.08.053","AG00434"
"Alpha-synuclein","Alpha-synuclein","Faster aggregation","Yes; implied by kinetics.","No information","10.1016/j.celrep.2016.08.053","AG00435"
"Alpha-synuclein","Alpha-synuclein","No effect","No information","No information","10.1016/j.celrep.2016.08.053","AG00436"
"Tau","Tubulin","Faster aggregation","Yes; implied by kinetics.","No information","10.1074/jbc.M116.736355","AG00437"
"Alpha-synuclein","Tubulin","No effect","No information","No information","10.1074/jbc.M116.736355","AG00438"
"Amyloid beta","PrP","No information","Formation of fibrils by the interactee is inhibited","No","10.1101/2021.01.04.425177","AG00439"
"Transthyretin","Amyloid beta","No information","Formation of fibrils by the interactee is inhibited","No information","10.1021/acs.jmedchem.9b01970","AG00440"
"Tau","Amyloid beta","Faster aggregation","Yes; implied by kinetics.","No information","10.1021/acschemneuro.7b00433","AG00441"
"Tau","Amyloid beta","Slower aggregation","Formation of fibrils by the interactee is inhibited","No information","10.1021/acschemneuro.7b00433","AG00442"
"Tau","Amyloid beta","No effect","No information","No information","10.1021/acschemneuro.7b00433","AG00443"
"Tau","Amyloid beta","No aggregation","Formation of fibrils by the interactee is inhibited","No","10.1021/acschemneuro.7b00433","AG00444"
"Tau","Amyloid beta","Faster aggregation","Yes; implied by kinetics.","No information","10.1021/acschemneuro.7b00433","AG00445"
"Tau","Amyloid beta","No aggregation","Formation of fibrils by the interactee is inhibited","No","10.1021/acschemneuro.7b00433","AG00446"
"Tau","Amyloid beta","Slower aggregation","Formation of fibrils by the interactee is inhibited","No information","10.1021/acschemneuro.7b00433","AG00447"
"Tau","Amyloid beta","Faster aggregation","Yes; implied by kinetics.","No information","10.1021/acschemneuro.7b00433","AG00448"
"Tau","Amyloid beta","No effect","No information","No information","10.1021/acschemneuro.7b00433","AG00449"
"Alpha-synuclein","Alpha-synuclein","Slower aggregation","Yes, direct evidence.","Yes","10.1016/j.jmb.2018.05.024","AG00450"
"IAPP","Insulin","Slower aggregation","Yes, direct evidence.","Yes","10.1002/anie.200801499","AG00451"
"IAPP","IAPP","Faster aggregation","Yes; implied by kinetics.","No information","10.1021/la500632d","AG00452"
"Tau","Alpha-synuclein","Faster aggregation","Yes; implied by kinetics.","No information","10.1021/acs.biochem.9b00215","AG00453"
"Rnq1","Sup35","Faster aggregation","Yes; implied by kinetics.","No information","10.1073/pnas.0404968101","AG00454"
"Transthyretin","Sup35","No effect","No","No information","10.1073/pnas.0404968101","AG00455"
"Alpha-synuclein","Sup35","No effect","No","No","10.1073/pnas.0404968101","AG00456"
"Insulin","Sup35","Faster aggregation","Yes; implied by kinetics.","No information","10.1073/pnas.0404968101","AG00457"
"Insulin","Sup35","No effect","No","No information","10.1073/pnas.0404968101","AG00458"
"Lysozyme","Sup35","No effect","No","No information","10.1073/pnas.0404968101","AG00459"
"IAPP","Amyloid beta","Faster aggregation","Yes; implied by kinetics.","Yes","10.1021/acschemneuro.7b00396","AG00460"
"Amyloid beta","IAPP","No effect","No","Yes","10.1021/acschemneuro.7b00396","AG00461"
"Albumin","Amyloid beta","No aggregation","Formation of fibrils by the interactee is inhibited","Yes","10.1016/j.jmb.2018.01.008","AG00462"
"Amyloid beta","Tau","No information","Yes, direct evidence.","No information","10.1016/s0014-5793(02)02376-1","AG00463"
"Amyloid beta","Alpha-synuclein","No information","Yes, direct evidence.","Yes","10.1371/journal.pone.0003135","AG00464"
"Amyloid beta","Amyloid beta","Faster aggregation","Yes; implied by kinetics.","No","10.1016/j.jmb.2015.06.008","AG00465"
"Amyloid beta","Amyloid beta","Faster aggregation","Yes; implied by kinetics.","No","10.1016/j.bbadis.2014.01.002","AG00466"
"IAPP","Amyloid beta","Faster aggregation","Yes; implied by kinetics.","No information","10.1016/j.bbadis.2014.01.002","AG00467"
"Amyloid beta","Amyloid beta","Faster aggregation","Yes; implied by kinetics.","No","10.1016/j.bbadis.2014.01.002","AG00468"
"Alpha-casein","Amyloid beta","Faster aggregation","Yes; implied by kinetics.","No information","10.1016/j.bbadis.2014.01.002","AG00469"
"Fibroin","Amyloid beta","Faster aggregation","Yes; implied by kinetics.","No information","10.1016/j.bbadis.2014.01.002","AG00470"
"Sericin","Amyloid beta","Faster aggregation","Yes; implied by kinetics.","No information","10.1016/j.bbadis.2014.01.002","AG00471"
"Alpha-casein","Amyloid beta","Faster aggregation","Yes; implied by kinetics.","No information","10.1016/j.bbadis.2014.01.002","AG00472"
"Fibroin","Amyloid beta","Faster aggregation","Yes; implied by kinetics.","No information","10.1016/j.bbadis.2014.01.002","AG00473"
"IAPP","Amyloid beta","Faster aggregation","Yes; implied by kinetics.","No information","10.1016/j.bbadis.2014.01.002","AG00474"
"Sericin","Amyloid beta","Faster aggregation","Yes; implied by kinetics.","No information","10.1016/j.bbadis.2014.01.002","AG00475"
"Alpha-crystallin","Kappa-casein","No aggregation","Formation of fibrils by the interactee is inhibited","No information","10.1007/s12192-010-0212-z","AG00476"
"Alpha-casein","Kappa-casein","No aggregation","Formation of fibrils by the interactee is inhibited","No information","10.1007/s12192-010-0212-z","AG00477"
"Beta-casein","Kappa-casein","No aggregation","Formation of fibrils by the interactee is inhibited","No information","10.1007/s12192-010-0212-z","AG00478"
"Alpha-crystallin","Amyloid beta","No aggregation","Formation of fibrils by the interactee is inhibited","No","10.1007/s12192-010-0212-z","AG00479"
"Alpha-synuclein","GroES","No information","No information","No information","10.1074/jbc.M508623200","AG00480"
"Insulin","Alpha-synuclein","Faster aggregation","Yes; implied by kinetics.","No","10.1074/jbc.M508623200","AG00481"
"Lysozyme","Alpha-synuclein","Faster aggregation","Yes, direct evidence.","No","10.1074/jbc.M508623200","AG00482"
"Amyloid beta","Amyloid beta","Faster aggregation","Yes; implied by kinetics.","No","10.1021/acs.langmuir.8b03599","AG00483"
"Amyloid beta","Amyloid beta","Faster aggregation","Yes; implied by kinetics.","No","10.1021/acs.langmuir.8b03599","AG00484"
"Amyloid beta","Amyloid beta","Faster aggregation","Yes; implied by kinetics.","No","10.1021/acs.langmuir.8b03599","AG00485"
"Amyloid beta","Amyloid beta","Faster aggregation","Yes; implied by kinetics.","No","10.1021/acs.langmuir.8b03599","AG00486"
"Transthyretin","IAPP","Slower aggregation","Formation of fibrils by the interactee is inhibited","No information","10.3390/biom11030411","AG00487"
"Apolipoprotein A-I","IAPP","Slower aggregation","Formation of fibrils by the interactee is inhibited","No information","https://doi.org/ 10.3390/biom11030411","AG00488"
"Alpha-crystallin","Alpha-crystallin","Faster aggregation","Yes, direct evidence.","Yes","10.1371/journal.pone.0019291","AG00489"
"Lysozyme","Alpha-synuclein","Faster aggregation","No","No","10.1016/ j.jbc.2021.100358","AG00490"
"Insulin","Insulin","Faster aggregation","Yes; implied by kinetics.","No","10.1039/D0RA05414C","AG00491"
"Alpha-casein","Amyloid beta","Faster aggregation","Yes; implied by kinetics.","No","10.1016/j.bbadis.2014.01.002","AG00492"
"Fibroin","Amyloid beta","Faster aggregation","Yes; implied by kinetics.","No","10.1016/j.bbadis.2014.01.002","AG00493"
"Alpha-casein","Amyloid beta","Faster aggregation","Yes; implied by kinetics.","No","10.1016/j.bbadis.2014.01.002","AG00494"
"Fibroin","Amyloid beta","Faster aggregation","Yes; implied by kinetics.","No","10.1016/j.bbadis.2014.01.002","AG00495"
"Alpha-crystallin","Insulin","Faster aggregation","Yes; implied by kinetics.","No","10.1039/D0RA05414C","AG00496"
"Insulin","Insulin","Faster aggregation","Yes; implied by kinetics.","No","10.1039/D0RA05414C","AG00497"
"Insulin","Insulin","Faster aggregation","Yes; implied by kinetics.","No","10.1039/D0RA05414C","AG00498"
"Alpha-crystallin","Insulin","Slower aggregation","Formation of fibrils by the interactee is inhibited","Yes","10.1039/D0RA05414C","AG00499"
"Alpha-synuclein","IAPP","Faster aggregation","Yes; implied by kinetics.","Yes","10.1007/978-1-4939-7816-8_6","AG00500"
"CRES","CRES","Faster aggregation","Yes; implied by kinetics.","No","10.1074/jbc.RA120.015307","AG00501"
"CRES","CRES","Faster aggregation","Yes; implied by kinetics.","Yes","10.1074/jbc.RA120.015307","AG00502"
"CRES","CRES","Faster aggregation","Yes; implied by kinetics.","Yes","10.1074/jbc.RA120.015307","AG00503"
"CRES","Amyloid beta","No aggregation","Formation of fibrils by the interactee is inhibited","No","10.1074/jbc.RA120.015307","AG00504"
"CRES","Amyloid beta","No effect","No","Yes","10.1074/jbc.RA120.015307","AG00505"
"CRES","Amyloid beta","No aggregation","Formation of fibrils by the interactee is inhibited","No","10.1074/jbc.RA120.015307","AG00506"
"PrP","Amyloid beta","Slower aggregation","Formation of fibrils by the interactee is inhibited","No information","10.1096/fj.12-222588","AG00507"
"PrP","Amyloid beta","No aggregation","Formation of fibrils by the interactee is inhibited","No information","10.1096/fj.12-222588","AG00508"
"Alpha-synuclein","Alpha-synuclein","Faster aggregation","Yes, direct evidence.","No","10.1021/acschemneuro.5b00322","AG00509"
"Alpha-synuclein","Alpha-synuclein","Faster aggregation","Yes, direct evidence.","No","10.1021/acschemneuro.5b00322","AG00510"
"Alpha-synuclein","Alpha-synuclein","Faster aggregation","Yes, direct evidence.","No","10.1021/acschemneuro.5b00322","AG00511"
"Alpha-synuclein","Alpha-synuclein","Faster aggregation","Yes, direct evidence.","No","10.1021/acschemneuro.5b00322","AG00512"
"Alpha-synuclein","Alpha-synuclein","Faster aggregation","Yes, direct evidence.","No","10.1021/acschemneuro.5b00322","AG00513"
"Alpha-synuclein","Alpha-synuclein","No aggregation","Formation of fibrils by the interactee is inhibited","No","10.1021/acschemneuro.5b00322","AG00514"
"Alpha-synuclein","Alpha-synuclein","Faster aggregation","Yes, direct evidence.","No","10.1021/acschemneuro.5b00322","AG00515"
"Alpha-synuclein","Alpha-synuclein","Faster aggregation","Yes, direct evidence.","No","10.1021/acschemneuro.5b00322","AG00516"
"PrP","Amyloid beta","No aggregation","Formation of fibrils by the interactee is inhibited","No information","10.1096/fj.12-222588","AG00517"
"Alpha-synuclein","Alpha-synuclein","Faster aggregation","Yes; implied by kinetics.","Yes","10.1074/jbc.M807482200","AG00518"
"Alpha-synuclein","Alpha-synuclein","Faster aggregation","Yes; implied by kinetics.","No information","10.1074/jbc.M807482200","AG00519"
"Alpha-synuclein","Alpha-synuclein","Faster aggregation","Yes; implied by kinetics.","No information","10.1074/jbc.M807482200","AG00520"
"Alpha-synuclein","Alpha-synuclein","Faster aggregation","Yes; implied by kinetics.","No","10.1074/jbc.M807482200","AG00521"
"TDP-43","Alpha-synuclein","Faster aggregation","Yes, direct evidence.","Yes","10.1101/2020.12.12.422524","AG00522"
"Alpha-synuclein","TDP-43","Faster aggregation","Yes, direct evidence.","Yes","10.1101/2020.12.12.422524","AG00523"
"Amyloid beta","Amyloid beta","Slower aggregation","Yes; implied by kinetics.","No information","10.1016/j.peptides.2009.01.027","AG00524"
"S100A9","Amyloid beta","Faster aggregation","Yes; implied by kinetics.","Yes","10.1021/acschembio.9b00394","AG00525"
"Amyloid beta","Amyloid beta","No effect","Yes; implied by kinetics.","Yes","10.1111/febs.12813","AG00526"
"Amyloid beta","Amyloid beta","Slower aggregation","Yes; implied by kinetics.","Yes","10.1111/febs.12813","AG00527"
"PrP","Amyloid beta","No aggregation","Formation of fibrils by the interactee is inhibited","No","10.1074/jbc.RA118.003319","AG00528"
"PrP","Amyloid beta","No aggregation","Formation of fibrils by the interactee is inhibited","No","10.1074/jbc.RA118.003319","AG00529"
"PrP","Amyloid beta","No aggregation","Formation of fibrils by the interactee is inhibited","No","10.1074/jbc.RA118.003319","AG00530"
"PrP","Amyloid beta","No aggregation","Formation of fibrils by the interactee is inhibited","No","10.1074/jbc.RA118.003319","AG00531"
"Tau","Amyloid beta","No effect","No information","No information","10.1021/acschemneuro.7b00433","AG00532"
"Tau","Amyloid beta","Faster aggregation","Yes; implied by kinetics.","No information","10.1021/acschemneuro.7b00433","AG00533"
"Tau","Amyloid beta","Faster aggregation","Yes; implied by kinetics.","No information","10.1021/acschemneuro.7b00433","AG00534"
"Tau","Amyloid beta","Slower aggregation","Formation of fibrils by the interactee is inhibited","No information","10.1021/acschemneuro.7b00433","AG00535"
"Tau","Amyloid beta","No effect","No information","No information","10.1021/acschemneuro.7b00433","AG00536"
"Tau","Amyloid beta","Slower aggregation","Formation of fibrils by the interactee is inhibited","No information","10.1021/acschemneuro.7b00433","AG00537"
"Tau","Amyloid beta","No effect","No information","No information","10.1021/acschemneuro.7b00433","AG00538"
"Tau","Amyloid beta","Slower aggregation","Formation of fibrils by the interactee is inhibited","No information","10.1021/acschemneuro.7b00433","AG00539"
"Tau","Amyloid beta","No effect","Formation of fibrils by the interactee is inhibited","No information","10.1021/acschemneuro.7b00433","AG00540"
"Tau","Amyloid beta","Slower aggregation","Formation of fibrils by the interactee is inhibited","No information","10.1021/acschemneuro.7b00433","AG00541"
"Tau","Amyloid beta","Faster aggregation","Yes; implied by kinetics.","No information","10.1021/acschemneuro.7b00433","AG00542"
"Tau","Amyloid beta","Slower aggregation","Formation of fibrils by the interactee is inhibited","No information","10.1021/acschemneuro.7b00433","AG00543"
"Tau","Amyloid beta","No effect","No information","No information","10.1021/acschemneuro.7b00433","AG00544"
"Tau","Amyloid beta","No effect","No information","No information","10.1021/acschemneuro.7b00433","AG00545"
"Tau","Amyloid beta","Slower aggregation","Formation of fibrils by the interactee is inhibited","No information","10.1021/acschemneuro.7b00433","AG00546"
"Tau","Amyloid beta","Faster aggregation","Yes; implied by kinetics.","No information","10.1021/acschemneuro.7b00433","AG00547"
"Tau","Amyloid beta","No effect","No information","No information","10.1021/acschemneuro.7b00433","AG00548"
"Tau","Amyloid beta","Slower aggregation","Formation of fibrils by the interactee is inhibited","No information","10.1021/acschemneuro.7b00433","AG00549"
"Tau","Amyloid beta","No aggregation","Formation of fibrils by the interactee is inhibited","No","10.1021/acschemneuro.7b00433","AG00550"
"IAPP","Amyloid beta","No aggregation","Formation of fibrils by the interactee is inhibited","No","10.1002/anie.201504973","AG00551"
"IAPP","Amyloid beta","No aggregation","Formation of fibrils by the interactee is inhibited","No","10.1002/anie.201504973","AG00552"
"IAPP","Amyloid beta","No effect","No information","No information","10.1002/anie.201504973","AG00553"
"IAPP","Amyloid beta","No effect","No information","No information","10.1002/anie.201504973","AG00554"
"IAPP","Amyloid beta","No effect","No information","No information","10.1002/anie.201504973","AG00555"
"IAPP","IAPP","No aggregation","Formation of fibrils by the interactee is inhibited","No","10.1002/anie.201504973","AG00556"
"IAPP","IAPP","No effect","No information","No information","10.1002/anie.201504973","AG00557"
"IAPP","IAPP","No effect","No information","No information","10.1002/anie.201504973","AG00558"
"IAPP","IAPP","No effect","No information","No information","10.1002/anie.201504973","AG00559"
"IAPP","IAPP","No effect","No information","No information","10.1002/anie.201504973","AG00560"
"IAPP","Amyloid beta","No aggregation","Formation of fibrils by the interactee is inhibited","No","10.1002/anie.201504973","AG00561"
"IAPP","Amyloid beta","No aggregation","Formation of fibrils by the interactee is inhibited","No","10.1002/anie.201504973","AG00562"
"IAPP","Amyloid beta","No aggregation","Formation of fibrils by the interactee is inhibited","No","10.1002/anie.201504973","AG00563"
"IAPP","IAPP","Faster aggregation","Yes; implied by kinetics.","No information","10.1016/j.bpj.2019.05.013","AG00564"
"IAPP","IAPP","Faster aggregation","Yes; implied by kinetics.","No","10.1016/j.bpj.2019.05.013","AG00565"
"IAPP","IAPP","Faster aggregation","Yes; implied by kinetics.","No","10.1016/j.bpj.2019.05.013","AG00566"
"IAPP","IAPP","No aggregation","Formation of fibrils by the interactee is inhibited","No","10.1073/pnas.0507471103","AG00567"
"PrP","Amyloid beta","No aggregation","Yes, direct evidence.","No","10.1074/jbc.M117.789990","AG00568"
"Lysozyme","Insulin","Faster aggregation","Yes; implied by kinetics.","No information","7. 10.3390/ijms22041775","AG00569"
"Amyloid beta","Insulin",NA,"No","No","10.1016/j.jmb.2006.05.007","AG00570"
"IAPP","IAPP","Faster aggregation","Yes; implied by kinetics.","Yes","10.1039/C7SC00620A","AG00571"
"IAPP","IAPP","Faster aggregation","Yes; implied by kinetics.","Yes","10.1039/C7SC00620A","AG00572"
"IAPP","IAPP","Slower aggregation","Formation of fibrils by the interactee is inhibited","Yes","10.1039/C7SC00620A","AG00573"
"IAPP","IAPP","No effect","No","Yes","10.1039/C7SC00620A","AG00574"
"IAPP","IAPP","Faster aggregation","Yes; implied by kinetics.","Yes","10.1039/C7SC00620A","AG00575"
"IAPP","IAPP","Faster aggregation","Yes; implied by kinetics.","Yes","10.1039/C7SC00620A","AG00576"
"IAPP","IAPP","Faster aggregation","Yes; implied by kinetics.","Yes","10.1039/C7SC00620A","AG00577"
"IAPP","IAPP","Faster aggregation","Yes; implied by kinetics.","Yes","10.1039/C7SC00620A","AG00578"
"IAPP","IAPP","Faster aggregation","Yes; implied by kinetics.","Yes","10.1039/C7SC00620A","AG00579"
"IAPP","IAPP","Faster aggregation","Yes; implied by kinetics.","Yes","10.1039/C7SC00620A","AG00580"
"IAPP","IAPP","No effect","No","Yes","10.1039/C7SC00620A","AG00581"
"IAPP","IAPP","No effect","No","Yes","10.1039/C7SC00620A","AG00582"
"IAPP","IAPP","Faster aggregation","Yes; implied by kinetics.","Yes","10.1039/C7SC00620A","AG00583"
"IAPP","IAPP","No effect","No","Yes","10.1039/C7SC00620A","AG00584"
"IAPP","IAPP","Faster aggregation","Yes; implied by kinetics.","Yes","10.1039/C7SC00620A","AG00585"
"IAPP","IAPP","Faster aggregation","Yes; implied by kinetics.","Yes","10.1039/C7SC00620A","AG00586"
"IAPP","IAPP","No effect","No","Yes","10.1039/C7SC00620A","AG00587"
"IAPP","IAPP","No effect","No","Yes","10.1039/C7SC00620A","AG00588"
"IAPP","IAPP","No effect","No","Yes","10.1039/C7SC00620A","AG00589"
"IAPP","IAPP","No effect","No","Yes","10.1039/C7SC00620A","AG00590"
"IAPP","IAPP","Faster aggregation","Yes; implied by kinetics.","Yes","10.1039/C7SC00620A","AG00591"
"IAPP","IAPP","No effect","No","Yes","10.1039/C7SC00620A","AG00592"
"IAPP","IAPP","No effect","No","Yes","10.1039/C7SC00620A","AG00593"
"IAPP","IAPP","No effect","No","Yes","10.1039/C7SC00620A","AG00594"
"IAPP","IAPP","No effect","No","Yes","10.1039/C7SC00620A","AG00595"
"IAPP","IAPP","No effect","No","Yes","10.1039/C7SC00620A","AG00596"
"IAPP","IAPP","No effect","No","Yes","10.1039/C7SC00620A","AG00597"
"IAPP","IAPP","No effect","No","Yes","10.1039/C7SC00620A","AG00598"
"IAPP","IAPP","No effect","No","Yes","10.1039/C7SC00620A","AG00599"
"IAPP","IAPP","No effect","No","Yes","10.1039/C7SC00620A","AG00600"
"p53","p53","Faster aggregation","Yes; implied by kinetics.","No","10.1073/pnas.1500262112","AG00601"
"p53","p53","Faster aggregation","Yes; implied by kinetics.","No","10.1073/pnas.1500262112","AG00602"
"FapC","Alpha-synuclein","No effect","No","No","10.1021/acsomega.8b03590","AG00603"
"FapC","Alpha-synuclein","Faster aggregation","Yes; implied by kinetics.","No information","10.1021/acsomega.8b03590","AG00604"
"FapC","Alpha-synuclein","Faster aggregation","Yes; implied by kinetics.","No information","10.1021/acsomega.8b03590","AG00605"
"FapC","Alpha-synuclein","No aggregation","Formation of fibrils by the interactee is inhibited","No","10.1021/acsomega.8b03590","AG00606"
"FapC","Alpha-synuclein","No effect","No","No","10.1021/acsomega.8b03590","AG00607"
"IAPP","Alpha-synuclein","Faster aggregation","Yes, direct evidence.","No information","10.1007/978-1-4939-7816-8_6","AG00608"
"Alpha-crystallin","Insulin","Slower aggregation","Formation of fibrils by the interactee is inhibited","Yes","10.1039/D0RA05414C","AG00609"
"Amyloid beta","CRES","Faster aggregation","Yes, direct evidence.","Yes","10.1074/jbc.RA120.015307","AG00610"
"IAPP","IAPP","No effect","No","No","10.1016/j.bpj.2019.05.013","AG00611"
"IAPP","IAPP","Faster aggregation","Yes; implied by kinetics.","No","10.1016/j.bpj.2019.05.013","AG00612"
"Transthyretin","Amyloid beta","No effect","Yes, direct evidence.","No","10.1021/bi101280t","AG00613"
"Transthyretin","Amyloid beta","Faster aggregation","Yes, direct evidence.","Yes","10.1021/bi101280t","AG00614"
"Transthyretin","Amyloid beta","Slower aggregation","Yes, direct evidence.","Yes","10.1021/bi101280t","AG00615"
"CRES","CRES","Faster aggregation","Yes; implied by kinetics.","No","10.1074/jbc.RA120.015307","AG00616"
"CRES","CRES","No aggregation","Formation of fibrils by the interactee is inhibited","No","10.1074/jbc.RA120.015307","AG00617"
"CRES","Amyloid beta","No aggregation","Formation of fibrils by the interactee is inhibited","No","10.1074/jbc.RA120.015307","AG00618"
"CRES","CRES","Faster aggregation","Yes; implied by kinetics.","No","10.1074/jbc.RA120.015307","AG00619"
"CRES","Amyloid beta","No aggregation","Formation of fibrils by the interactee is inhibited","No","10.1074/jbc.RA120.015307","AG00620"
"CRES","Amyloid beta","Faster aggregation","Yes; implied by kinetics.","No information","10.1074/jbc.RA120.015307","AG00621"
"Amyloid beta","Amyloid beta","Faster aggregation","No information","No information","10.1002/1873-3468.12526","AG00622"
"Amyloid beta","Amyloid beta","Faster aggregation","No information","No information","10.1002/1873-3468.12526","AG00623"
"Amyloid beta","Amyloid beta","Faster aggregation","No information","No information","10.1002/1873-3468.12526","AG00624"
"Amyloid beta","Amyloid beta","Faster aggregation","No information","No information","10.1002/1873-3468.12526","AG00625"
"IAPP","Amyloid beta","No aggregation","Formation of fibrils by the interactee is inhibited","Yes","10.1002/anie.200604056","AG00626"
"IAPP","Amyloid beta","Slower aggregation","Yes, direct evidence.","Yes","10.1002/anie.200604056","AG00627"
